rating,review
5,nói chung ok thiết kế lưới thời trang đóng dây buộc an toàn thoải mái cho trang phục hàng ngày
4,"nhẹ thoáng khí nhiều kích cỡ để lựa chọn chất liệu vải mỏng lót đế mỏng nên không êm chân lắm, giá rẻ nên chịu thôi"
5,hàng tốt
5,điều thực tế giống như mô tả hình ảnh không sự khác biệt về màu sắc nó trông đẹp
5,chất lượng tương đối tốt kiểu dáng tạm được kích cỡ hơi rộng so với chiều dài bàn chân màu sắc không đúng lắm so với hình quảng cáo
5,đôi giày trọng lượng nhẹ thấm hút mồ hôi thoáng khí chúng một đôi giày thể thao tốt rất mát mẻ để chạy cảm giác bay chung hahaha
4,chất liệu tạm được
5,thoải mái khi đi bộ thiết kế đơn giản thời trang nhẹ thoáng khí đường may mịn đế nhựa linh hoạt
5,chất lượng tốt đáng giá vừa vặn theo kích thước thiết kế đơn giản thời trang thoải mái khi đi bộ đường may mịn phong cách mùa thu thời thượng phù hợp với mọi dịp
5,giày đẹp y hình của shop vừa chuẩn size shop đóng gói giao hàng nhanh vận chuyển từ tq nhưng cũng nhanh lắm
5,giầy đẹp như trên hình quảng cáo êm nhẹ size chuẩn giao hàng nhanh với tầm giá này nói chung ok
5,"giày trắng giao hàng hơi lâu 1 chút, giống hình mang cũng vừa chân nói chung cũng tạm được"
5,chất liệu giầy lưới mềm đế cao su
5,tiền nào của ấy so với tầm giá thì ok nhưng kích thước thực tế nhỏ hơn ghong số chỉ dùng đi bộ trong nhà thì được
5,giày đẹp mang êm chân đặt thì phải trừ hao 1 or 2 số nha cảm ơn shop
5,thiết kế cao cổ sành điệu hoàn hảo cho mặc hàng ngày tuyệt vời cho trường học hoặc đại học
5,lỡ mua size to quá nhưng không sao đằng nào chả lớn lên thanks shop
5,hàng tốt giao hàng đúng mẫu
5,tui đặt siêu rẻ 51k áp xu vào giày xịn vãii ée đi không nặng chân đâu hồi đặt thấy mn chụp ảnh hong ưng lắm mà nhận về ẻm đẹp lắm nha 10 điểm hong nhưng shop rep tin nhắn cũng nhanh nữa mỗi tội giao hơi lâuu mà hông sao em chờ đc hehhechất lượng cao giá cả hợp lý h ảnh minh họa tui lười chụpp
5,giày xinh lắm hộp bài bản nên k bị móp hàng nước ngoài nên hơi lâu
5,sản phẩm đẹp giống mẫu chưa mang nên chưa biết chất lượng sản phẩm
5,shop đóng gói cẩn thận giao hàng rất nhanh… giá sản phẩm rẻ hơn so với các shop khác… shipper quen thân thiện nhiệt tình… sẽ tiếp tục ủng hộ shop… cám ơn shop cám ơn shipper…
1,giày gửi về không giống với quảng cáo giày đều không đi được cac ban đung mua uổng tiền nha minh vừa nhận hàng xong không ra gì luồn
5,giày đẹp lắm giá cả lại quá ok rất vừa vặn sẽ ủng hộ tiếp
5,sản phẩm này dùng được đi nhẹ ôm chân mua đúng kích cỡ giá rẻ bóng đep
5,đặt 2 đôi màu nâu giao đúng đôi size 39 đôi kia giao màu đen mà thấy size 36 trong khi đặt 37 may mang cũng vừa không biết đánh giá sao luôn á thôi chấp nhận vậy ok mong shop lần sau tốt hơn
5,thiết kế ngôi sao phổ biến cho vẻ ngoài hợp thời trang vừa vặn hoàn hảo với các kích cỡ sẵn
5,tùy chọn màu hồng đa năng nhận đc hàng rất đẹp đế nhẹ chống trượt
5,giày rất ok đc cái tao ngu đặt size to quá nhưng không thèm đổi để người khác đi shipper cũng ok thân thiện
5,nhận được hàng đóng gói cẩn thận nhìn vẻ chắc chắn chưa sử dụng lúc nào sử dụng sẽ phản hồi nhé
5,hôm nay mình nhận được hàng giao rất nhanh hộp đóng gói bên ngoài không hư hỏng hàng còn nguyên
5,rất thực tế rất hài lòng với giao hàng nhanh chóng sẽ giới thiệu cửa hàng này
5,chất liệu mềm mại nhưng hơi mỏng
5,hàng giống mô tả tuy nhiên size bị rộng mình vẫn đi 37 nhưng đi 36 thì vừa còn 37 bị rộng mọi ng nghiên cứu trc khi mua
5,nói chung hàng phù hợp với giá thành mỏng nhẹ size bị rộng mọi ng mua lưu ý
5,hàng đúng mô tả mọi ng mua nên để ý size vì bị rộng so với size thông thường
4,tiếc không có size nhỏ hơn mình lấy size nhỏ nhất 36 về mang qua rộng nhẹ thoáng khí phù hợp cho hoạt động thể thao
5,hàng đẹp giao hàng nhanh đi hơi đau chân nhưng săn sale giá rẻ nên không đòi hỏi gì nhiều chất lượng phù hợp với giá tiền
5,chất liệu oki
5,dễ dàng mang với dây thun mẫu sọc thanh lịch đơn giản tay nghề chất lượng cao cho vẻ ngoài cao cấp thiết kế gót thấp thoải mái với mũi tròn
5,giày ở ngoài siêu xinh í mng ơi ưng lắm ạ kiểu dáng phù hợp cho mọi outfit
5,chất liệu tốt
5,không gì để chê hết tuy rằng cái hộp bung ra chắc do vận chuyển sản phẩm giống như quảng cáo các bạn làm rất tốt 5 sao nhé coi độ bền thế nào để thời gian trả lời size 42 vừa y bàn chân chiều dài 26cm theo bảng chọn size giày
5,thiết kế đơn giản thời trang giày thể thao nhẹ thoải mái hoàn hảo cho chạy bộ hoạt động thể thao chất liệu lưới thoáng khí
5,hài lòng với việc mua hàng lựa chọn thời trang cho các buổi đi chơi thông thường hàng giao hơi lâu nhưng đẹp rẻ form đẹp
5,giá trị tuyệt vời cho giá cả thiết kế đa năng hợp thời trang phù hợp với người yêu giày sneaker cổ thấp giày thể thao trắng phong cách
5,giao lâu vãi nma giày đẹp cực kì luôn ý áp thêm xu với mã thì chưa đến 150 2 đôi này siêu ưng
4,giày khá đẹp nhưng mà cái hình ở cạnh giày phía trong may thiếu chỉ nhìn nó cứ bị thừa s á coi hình thấy đoạn đấy may không giống hình nha
5,kiểu dáng đơn giản tiện lợi dễ phối với nhiều trang phục khác nhau hoàn hảo cho việc mặc hàng ngày
5,mình nhận được hàng thấy cửa hàng đóng gói cẩn thận nhưng chưa sử dụng nên không rõ như thế nào hàng giao khá nhanh đóphân loại màu sắcmàu xanh lá câymẫu nâng cấp
5,hàng kiểu dáng đẹp phân loại màu sắcmàu kem mẫu nâng cấp
5,đa dạng màu sắc để lựa chọn phù hợp cả trong dịp thường ngày trang trọng
5,hoàn hảo cho việc mặc hàng ngày thiết kế mới theo xu hướng chất liệu thoáng khí cho mùa hèphân loại màu sắcmàu xanh lá câymẫu nâng cấp
5,giá trị tuyệt vời cho giá cả chất liệu vải bền vừa vặn hoàn hảo với nhiều kích cỡ sẵn thoải mái phong cách
5,kiểu dáng đẹp
5,chất liệu da pu bền bỉ thương hiệu đáng tin cậy với khách hàng hài lòng phong cách thời trang giản dị thoải mái nhẹ nhàng
5,giày rất ok đc cái tao ngu đặt sai to quá nhưng không thèm đổi để ngkhac đi shipper cũng ok thân thiện hình anbr không để xem chỉ để nhìn vui lòng không đánh giá
5,nhận được hàng đóng gói cẩn thận nhìn vẻ chắc chắn chưa sử dụng lúc nào sd sẽ phản hồi nhé
5,hôm nay mình nhận được hàng giao rất nhanh hộp đóng gói bên ngoài không hư hỏng hàng còn nguyên
5,rất thực tế rất hài lòng với giao hàng nhanh chóng sẽ giới thiệu cửa hàng này
5,nhanh khô thoáng khí phong cách đơn giản đa năng hoàn hảo để chạy đế giày chống trượt mềm mại thoải mái cho việc mặc hàng ngày
5,lý tưởng cho mùa hè nhanh khô thoáng khí đế giày chống trượt mềm mại hoàn hảo để chạy nhanh khô thoáng khí
5,tiền nào của ấy so với tầm giá thì ok nhưng kích thước thực tế nhỏ hơn ghong số chỉ dùng đi bộ trong nhà thì được
5,giày bền lâu bền da pu thoải mái thân thiện với môi trường vận chuyển nhanh chóng giao hàng đáng tin cậy giày đẹp lắm nha
5,đặt 2 đôi màu nâu giao đúng đôi size 39 đôi kia giao màu đen mà thấy size 36 trong khi đặt 37 may mang cũng vừa k biết đánh giá sao luôn á thôi chấp nhận vậy ok mong shop lần sau t ố t hơn
5,thiết kế ngôi sao phổ biến cho vẻ ngoài hợp thời trang vừa vặn hoàn hảo với các kích cỡ sẵn
5,chất liệu như hình
5,nhẹ nhàng thoải mái khi mang vừa vặn hoàn hảo đúng kích thước giá trị tuyệt vời cho giá tiền
5,nhận hàng cũng đẹp đúng mẫu đúng size đúng màu mang cũng vừa chân nhẹ thoáng khi thích hợp để tập thể dục hằng ngày nha
5,giá trị tuyệt vời cho giá tiền thiết kế thời trang phong cách dễ dàng làm sạch bảo quản dễ dàng làm sạch bảo quản vừa vặn hoàn hảo đúng kích thước
5,vừa vặn hoàn hảo đúng kích thước nhận được nhiều lời khen khi mang chúng nhận được nhiều lời khen khi mang chúng nhận được nhiều lời khen khi mang chúng
5,giày rất đẹp giá rẻ cảm ơn shop
5,nhận hàng đúng như hình ảnh mô tả trên hệ thống lazada nhìn chung dùng được
5,uhm giày cũng tạm đc th vs mức giá như v thì không thể mong gì hơn nữa giày hơi bị nhăn nheo 1 tí nhưng v cũng đc r khá ok
5,giao hàng lâu rồi mà hôm nay mới thông báo giao nói chung hàng ok trong tầm giá xài được nghe mọi người
5,thoải mái khi đi bộ thiết kế đơn giản thời trang nhẹ thoáng khí đường may mịn đế nhựa linh hoạt
5,giày đẹp nhé mng ơi shop rất hay sale để áp xu vô chưa tới 100k mà được giày đẹp lắm í giả sử cầm 500k ra shop mua được 1 đôi thì mua trên đây được hẳn 5 đôi thế còn đẹp nghe mng nói giao hàng 2 tuần mới tới mà tui đặt 6 ngày rùi á từ 78 đến 138 nhận đc nè
5,giày đẹp chuẩn size lớp lót ổn shop đóng gói cẩn thận giao hàng hơi lâu
5,chất lượng sản phẩm tốt shop chuẩn bị hàng nhanh chóng đóng gói cẩn thận
5,ê không nghĩ đẹp vậy luôn á so vơi giá tiền thì không gì để chê luôn
5,mang 40 41 thì nên lấy 41 40 hơi chật hoàn hảo cho việc mặc hàng ngày đế bện cỏ một mình độc đáo giày mùa hè thời trang thoải mái nhiều lựa chọn màu sắc để chọn thiết kế thoáng khí nhẹ nhàng vải lanh màu nâu thanh lịch bền bền lâu giày đa năng dành cho cả nam nữ
5,hàng đẹp như hình giá rẻ so với thị trường
5,giày đẹp đúng size
5,khóa dây tiện lợi màu xanh đa năng đế dày tạo cảm giác thoải mái hơn cổ giày vừa phải để hỗ trợ mắt cá chân bảo hành 6 tháng an tâm
5,thiết kế vneck thời trang màu đen cổ điển cho phong cách bất hủ chất liệu cotton mềm mại thoải mái áo khoác dễ dàng phối đồ cho các dịp thường ngày
5,cổ giày vừa phải để hỗ trợ mắt cá chân phù hợp cho mặc hàng ngày
5,háng đóng gói hộp theo mình thấy chắc lúc đóng gói hộp đẹp nhưng do vận chuyển đường xa nên khi hàng đến mình hộp móp méo nhưng không ảnh hưởng đến giày coi như cũng ok nha
5,mềm mịn vải đẹp xứng đáng giá tiền size m 46 không mặc vừa thoải mái
5,hàng về từ trung quốc nên về chậmg giầy vải đi ôm chân mát tuy hình thức không đẹp nhưng phù hợp cho đi bộ chạy đạp xe
5,thiết kế phong cách vừa vặn tuyệt vời giao hàng nhanh chóng vải chất lượng cao
5,tuyệt vời tiếc không lấy size to hơn được cái ôm chân
5,ok
5,tuyệt vời đẹp êm rất thoải mái ô kê
5,vừa vặn hoàn hảo giá trị tốt cho tiền
5,cũng oke
5,nhận hàng đi rất êm thoải mái nên mua nha mọi người
5,kiểu dáng cổ thấp mang lại sự thoải mái màu đen trắng phong cách giá rẻ hợp túi tiền mọi người nên mua
5,tuyệt vời cho việc chạy bộ thoáng khí nhẹ nhàng chất liệu da chống nước phù hợp hoàn hảo với nhiều kích thước
5,giày vừa chân cao 5cm mang đẹp êm chân ok nha shop giao từ nước ngoài 7 ngày
5,giao hàng nhanh nhân viên giao hàng tận tình chu đáo đóng gói cẩn thận hàng đúng như quảng cáo mình rất thích sẽ ủng hộ tiếp
5,giày đẹp giá tốt đi nhẹ êm chân vận chuyển nhanh miễn phí
5,săn được sale gia rẻ nên mua giày mang cung on tien nao của nay thôi mang hu lai mua doi khác
5,giày đẹp cứng form giao đúng size đúng mẫu chỉ điều phần lót chỗ buộc giây 1 bên may bị rúm còn đâu đều hàu lòng giao hành hơi lâu
5,phong cách nhiều tùy chọn màu sắc phong cách hàn quốc thời thượng phong cách hàn quốc thời thượng
5,thiết kế hiện đại mỏng shop uy tín nha mọi người giầy đẹp giá rẻ cấm ơn shop tăng shop năm sao ship nhiệt tình cấm ơn lazada ở nhà mua hàng rất tiện
5,ok size thoại mai nha
5,sản phẩm ok
5,đẹp lăm
5,hôm nay mình nhận được hàng giao rất nhanh hộp đóng gói bên ngoài không hư hỏng hàng còn nguyên
5,nhận hàng còn nguyên vẹn size nhỏ vừa phải không to quá màu y như màu đặt chất lượng tốt
1,cũng được giao hàng hơi chậm dịch vụ giao không giao theo giờ hẹn của khách nói tóm lại dịch vụ giao hàng quá tệ
5,ok
4,sản phẩm chưa đúng theo quảng cáo tạm chấp nhận nhưng giá thành rẻ cho 4 thôi
5,thiết kế hàn quốc thời thượng thoáng khí chống mùi hiệu quả thiết kế unisex đa năng đế giày chống trơn an toàn
5,phong cách giản dị hợp thời thiết kế đa năng cho cả nam nữ
5,niceeeeeeeeeeeeeeeeeeeeeeeeeeeeeeeeeeeeeeeeeeeeeeee
5,đẹp
5,giày đa năng thoải mái giá trị tuyệt vời cho số tiền bỏ ra giày chất lượng tốt với giá cả phải chăng phù hợp cho đi bộ đường dài phiêu lưu ngoài trời sẵn trong nhiều kích cỡ màu sắc giữ ấm cho chân trong các hoạt động ngoài trời
5,hơi mỏng không dày bằng giày bông lúa
5,ok 5 sao
5,chất liệu ok y như hình đóng gói cẩn thận mình mua nhiều lần của shop mới lần mua mình ưng ý nên cho shop 5 sao
5,giày đẹp ok như hình nhé mọi người lúc đầu mua size 39 nhỏ quá nên mình mua lại size 41 nên tăng 1 2 size nhé giày form hơi nhỏ 5 sao tặng shop
5,tuyệt vời cho các hoạt động thể thao giày thể thao linh hoạt thiết kế gót thấp đóng cài dây buộc an toàn hình dạng phong cách đơn giản chất liệu thoáng khí đế chống trượt rat ok nha moi người nen mua cho sop 5 sao
5,tuyệt vời cho sinh viên trẻ chất liệu lưới bền bỉ thoải mái thoáng khí nên đặt rộng hơn 1 size để đi thoải mái hơn
5,ok nhé mua lần 2 cái giao hàng hơi lâu
5,mua nhìu lần mau ma đep nhẹ êm chân nhưng dao nay ít sale quá
5,giay đep nhẹ y như hình mang êm chân mac dù đi cả ngày mua may lan roi sẽ con mua nua
5,giay nhẹ êm chân đẹp mua may đôi roi rat ưng ý
5,tuyệt vời cho mùa thu mùa đông
5,hàng chất lượng cho shop 5 sao
4,chất liệu có vẻ hơi mỏng
5,nhẹ thoáng khí vừa vặn hoàn hảo chất liệu da bền thiết kế hợp thời trang
5,độ bền cao sự thoải mái vừa chân phong cách trẻ trung hàng giao nhanh
5,đế mềm êm ái để tăng thêm sự thoải mái chất liệu thoáng khí cho việc mặc suốt ngày
5,hàng mẫu mã đẹp giống như mô tả chất lượng thì phải dùng mới đánh giá được
5,hàng đẹp chất lượng thì thời gian đánh giá nói chung vừa tiền
5,đẹp hơn mong đợi cho shop 5 sao mn nên mua ủng hộ shop nhé
5,vì hàng nước ngoài nên giao hơi lâu gần nửa tháng nhận được rất vừa ý đẹp tốt
5,rất lâu mới nhận được giày thì sao bạn nước ngoài rất vừa ý giày đẹp sắc sảo
5,chất liệu nhẹ thoáng khí thiết kế thoải mái thời trang
5,đẹp đúng mẫu đúng size cảm shop anh giao hàng
5,thiết kế thoải mái thời trang
5,giày thoải mái thoáng khí tuyệt vời cho các dịp thường ngày lý tưởng cho thể thao hoạt động ngoài trời dễ dàng vệ sinh bảo quản
5,da 41 thể thao với số tiền này thì không thể đòi hỏi thêm bất cứ điều gì nữa
5,giày bị hở keo phần gót tạm chấp nhận được đóng gói không kỷ về tới tay khách họp bọc giày rách te tua
5,giầy đẹp xứng với giá tiền giao hàng khá lâu bao bì đóng gói không đẹp rách nát nhưng không sao chất liệu da cao cấp thanks shop hẹn đơn hàng sau
5,giày hơi mỏng
5,phong cách thoải mái khi mặc hàng ngày phù hợp cho các hoạt động ngoài trời độ bám tốt trên các bề mặt khác nhau thiết kế phong cách giá trị tuyệt vời cho giá cả đa năng thời trang bền lâu dài chất liệu thoáng khí
5,độ bám tốt trên các bề mặt khác nhau thoải mái khi mặc hàng ngày giá trị tuyệt vời cho giá cả
5,phù hợp cho các hoạt động ngoài trời giá trị tuyệt vời cho giá cả
5,tiền nào của đó giày thực tế khác xa hình ảnh quảng cáo cân nhắc lần sau nên mua hay không
5,phong cách tất cả mọi vấn đề chất lượng đều tuyệt vời
5,giày chất lượng tốt
4,giày đẹp độ bền còn phải thử mới biết được giày rất ưng
5,nhận được hàng rồi nhìn thấy cũng được giày bằng nhựa nhưng chưa sử dụng nên chưa biết khi nào sử dụng nhận xét sau
5,hoàn hảo cho các dịp đi chơi thoải mái gót thấp mang lại sự thoải mái giày đa năng cho việc mặc hàng ngày giá trị tuyệt vời cho sản phẩm
5,ổn so với giá rẻ mà vậy ok rồi
5,giày chất lượng tốt
5,giày đẹp giống hìng giá rẻ okela rất hài lòng về sp nhé lazada ứng dụng tuyệt vời yeyeye
5,độ thông thoáng tuyệt vời phù hợp cho người trung niên người già
5,tuyệt vời cho mùa hè thiết kế đơn giản thời trang thoáng khí thoải mái
4,giày thể thao thường ngày mới 2023 giày vải để cao su nhìn đẹp nhưng hơi nặng giày nhẹ chút ok cho 4 sao
5,đa năng dễ phối hợp thiết kế đơn giản thời trang lý tưởng cho việc mặc hàng ngày phù hợp cho người trung niên người già phù hợp cho người trung niên người già
1,vừa nhận hàng giày bị rách quá tiếc đúng vứt luon rồi
5,sẵn trong nhiều màu sắc thoải mái khi mặc cả ngày nhẹ chống nước phù hợp hoàn hảo cho các hoạt động ngoài trời
5,great shoes this color is very comfortable the material is very soft
4,chất liệu da mềm nhưng xấu
5,hàng đúng mẫu loại da đế nhựa sọc ngang mang vừa chân mềm mại
5,rất đẹp mang vào êm chân vượt qua cả mong đợi đáng mua nha
5,giá 116k luôn ship hàng về vn giá ổn
5,giao hàng quá quá lâu giày mang tạm được đồ bền chưa biết giao hàng quá quá lâu giày mang tạm được đồ bền chưa biết
5,giao hàng hơi lâu sản phẩm phải đẹp mang êm chân màu sắc cũng rất hài lòng
5,hàng đẹp nhưng giao hàng lâu quá
5,hàng giao hơi sản phẩm ok chất lượng sản phẩm tốt với tấm giá
5,chất liệu có vẻ tốt để sử dụng
4,giày đẹp nha đúng như hình nhưng mà shop lại giao sai màu rồi chấp nhận đc
5,nhận hàng okie
5,phẩm đẹp đóng gói hàng cẩn thận
5,mình rất thích kiểu như này đồ của shop chất lượng lắm á giá cả lại hợp lí nữa
5,hàng rất đẹp đóng gói cẩn sẽ còn ủng hộ shop tiếp nhé
5,giày đẹp quá shop ơi rẻ mà lại đẹp nữa mọi người nên mua nha giày phản quang nữa chỉ 127 ngàn mà được đôi giày quá đẹp cảm ơn shop nhiều nha nhưng mua mọi người nên chịu khó đợi khoảng 10 ngày mới vì hàng nước ngoài
5,đơn giản hợp thời đế nhẹ đệm dễ dàng kết hợp với trang phục
5,hình thức thì đẹp nhưng mà mỏng manh chắc đi được vài bữa
5,đẹp giống quảng cáo
5,giày đẹp trong tầm giá nên chọn rộng hơn 1 2 size được nhé
5,sản phẩm ok như hình đi êm chân giao hàng chậm nên muốn hủy đơn
5,thiết kế thời trang phong cách chất liệu nhẹ thoải mái
5,giá cả hết sức phải chăng lại rẻ nữa mà dây đi cũng được phù hợp với túi tiền mẫu mã dễ thương sẽ tiếp tục ủng hộ shop
4,giày mềm mại kiểu dáng giống mẫu chưa xử dụng nên không biết bền không cho shop 4
5,nhận được giày chính xác như đặt hàng chờ một thời gian dài tổng thể tốt
5,giày đẹp đúng mốt vải ngon mêm mại
5,chất liệu ok
4,đẹp đúng như mô tả
5,thoải mái vừa rẻ vừa đẹp mọi người nên mua nha
5,hàng tốt như shop mô tả giao hàng đúng hạn như xác nhân trên đơn hàng xin cám ơn shop nhiều nhé mong shop sẽ nhiều mặt hàng tốt rẻ để mình thể đặt hàng tiếp tục trong tương lai sau này
5,sản phẩm đẹp cho shop năm sao
5,nhận được hàng sản phẩm vừa ý
5,giao hàng nhanh chóng shiper vui vẻ đóng gói sản phẩm cẩn thận sẽ ủng hộ hết mình cho shop lần sau cho shop 5 sao
5,giao hàng nhanh lắm ak rất ưng giày êm sẽ mua tiếp
5,đóng gọi ổn giày da mềm màu y hình sẽ mua tiếp khi nhu cầu
5,giày vừa chân cao 5cm mang đẹp êm chân ok nha shop giao từ nước ngoài 7 ngày
5,sản phẩm đúng như mô tả ổn trong tầm giá shop đóng gói cẩn thận chắc chắn giao đúng size mẫu
5,mẫu mã khá đẹp rất vừa vặn dịch vụ giao nhận hàng rất tốt sẽ tiếp tục ủng hộ các sản phẩm của shop
5,hàng nhận nhưng thiếu 1 đơn shop bớt tiền giày đẹp êm ôm chân đế hơi mềm tạm ổn tiền nào của đấy rẻ điểm trừ lâu quá
4,giao hàng quá chậm mất mấy tuần nhìn giày khá chắc chắn đúng size đế dày khoảng 3cm không bong bóng chỉ hình thức giống như bong bóng thôi khá cứng nên không êm chân lắm giày làm bằng vãi khá dày nhưng không co dãn giày khá hôi mủi nhựa mọi người cân nhắc trước khi mua chưa dùng nên chưa biết chất lượng tạm cho 4 sao
5,nhân viên dịch vụ tốt gọi thông báo trước khi giao hàng thời gian giao hàng được thiết lập sản phẩm giá rẻ
5,sản phẩm trong tình trạng tốt không bị hư hỏng cảm ơn lazada vì giao hàng nhanh
5,mềm mịn vải đẹp xứng đáng giá tiền size m 46 mặc vừa thoải mái
5,tạm thời do đóng gói nên form còn chưa đẹp hy vọng khi sử dụng sẽ ổn đúng theo shop quảng cáo
5,gót dép 6cm độc đáo chất liệu chất lượng để sản phẩm bền dễ dàng kết hợp với nhiều trang phục khác nhau trang trí thời trang với stick dễ thương con gái mình rất thích nên mình đặt thêm đôi nữa
5,dép đẹp nhé giao hàng cũng không nhanh lắm màu sắc hài hòa sticker dễ thương
5,nhạn hàng hơi lâu quá nhưng đúng mẫu mã hình thức màu chất lượng tuong úng voi giá tiền dùng để đi bộ tập thể dục tôt
5,hàng chuẩn như đặt hàng mẫu mã đẹp
5,chất lượng tuyệt vời với giá cả phải chăng chất liệu thoáng khí mang lại cảm giác thoải mái thiết kế linh hoạt phù hợp nhiều dịp
5,nhận được hàng đóng gói cẩn thận giao hàng hơi lâu nhưng mà không sao quỳ dày rất đẹp rất hài lòng sẽ tiếp tục ủng hộ chất lượng tuyệt vời với giá cả phải chăng chất liệu thoáng khí mang lại cảm giác thoải mái thằng shop 5 sao
5,hàng chất lượng trước giờ giao hàng nhanh chóng hàng đúng với mô tả mọi người nên mua dùng
5,giày đẹp mềm mại giá rẻ chất lượng tốt
5,good
5,đẹp đi nhẹ chân chất liệu không thấm nước phù hợp sử dụng mọi thời tiết chất liệu chất lượng cao để bền bỉ ôm vừa vặn thoải mái khi mặc hàng ngày
5,chuẩn bị hàng giáo hàng nhanh tiền nào của ấy giày như hình kể shop cho cái lót bên trong giữ phom giày thì tốt hơn
2,nhận được hàng không đúng như quảng cáo
5,quá rẻ đáng mua nha anh em cần thủ
5,giày mẫu đẹp đế không bền chất liệu nhựa dẻo giá tạm ổn
4,hàng đúng như hình chất lượng còn phải chờ xem tạm thời đánh giá chấp nhận được sẽ trải nghiệm đánh giá lại sau nhé
5,đúng hàng đẹp chất lượng tốt
2,shop giao không đúng màu size đặt xanh dương size 41 shop lại giao màu xám size 42
5,chưa mang nên chưa biết đánh giá như thế nào hình thức thì ok
5,độ bền chưa biết thoải mái cho việc mặc hàng ngày giá trị tuyệt vời cho giá cả
5,hoàn hảo cho các hoạt động thể thao vừa đúng kích cỡ giá trị tuyệt vời cho giá cả
5,nhận được sản phẩm trong tình trạng tốt không hư hỏng màu sắc trên vỏ người bán giao hàng rất nhanh nhanh
5,ok
5,thiết kế lấy cảm hứng từ châu á ok đi ổn hơi mỏng
5,phong cách giày thể thao phù hợp cho mặc hàng ngày dễ dàng đi vào cởi ra
5,đế giầy hơi phẳng nên đi không độ bật không thích hợp cho đi bộ lắm giá rẻ nên cũng chấp nhận được
5,đế hơi phẳng không độ bật nên đi bộ hơi bị mỏi ở cổ chân giá rẻ nên cũng chấp nhận được
5,màu trắng cổ điển thiết kế thể thao mượt mà lý tưởng cho việc chạy bộ ngoài trời
5,giày đẹp vừa mọi người nên mua nhé hàng như hình đi tiệc cung okla
5,vừa rất hài lòng với nhân viên sản phẩm đúng mẫu chất phù hợp màu đẹp hoa văn đẹp kích thước
5,hàng nhận giống mẫu nhưng không dầy dặn bằng phần mũi chỉ một lớp nói chung ok trong tầm giá
5,hang dep so voi gia tien giao đung màu mang 39 dat size 39 vừa y ung mat sẽ ung ho shop lan sau mong lam sau mua giao đung hang này
5,giày ok giao đúng size đúng mẫu đúng màu tiền nào của đó màu sắc đẹp tạm hài lòng sử dụng thời gian xem sao cảm ơn shop nhiêu ạ
4,giầy dẹp mỗi tội giao không đúng màu đặt màu trắng giao màu tím ko được kiểm hàng
4,giày đẹp nhưng đặt size 39 shop giao 40
5,giày đẹp kiểu dáng ôm chân nhẹ nhưng hơi mỏng manh không biết được bền không
5,nhận hàng giao từ nước ngoài về nên hơi lâu một chút nhưng không sao chất lượng ok trong tầm giá hình ảnh chụp mang tính chất kiếm xu
5,sản phẩm đẹp tốt trong tầm giá
5,shop giao hàng nhanh giao đúng mẫu giày khá ổn so bới giá này thì quá ok tặng shop 5 sao chất liệu lưới thông thoáng đế lót mềm mại êm ái
5,giày mõng hơi cứng không biết mang bị đau chân không nhưng nhìn chung phù hợp với giá tiền điểm trừ giao hàng siêu lâu
5,chất liệu vải hơi cứng
5,giầy đúng size đúng màu giao hơi lâu nhưng vừa ý đep hài lòng nhìn thấy cứng cáp
5,nhận được hàng đúng sản phẩm giày nhìn đẹp vừa túi tiền nhân viên giao hàng vui vẻ
5,giày đẹp mà rẻ hàng quốc tế nên giao hoi lâu chút nhưng đc cái giây đẹp
5,giày trông đẹp khá nhẹ tuy nhiên mọi người hạn chế thanh toán trước dễ bị shipper giao chậm
5,giày gọn đẹp mà phối đẹp như hình cam on shop nhé tuy không phản hổi nhưng giao ok
2,ủa em zai 38 mà giao 35 sao vậy ạ đổi lại dùm em với
5,mua ngay lúc sale không ngờ được một đôi giày sáng đẹp mang rất êm kiểu dáng đẹp o la la
5,sản phẩm đúng mô tả đóng gói cẩn thận giao hàng đúng thời gian quy định
5,sản phẩm đẹp phù hợp giá tiền đóng gói cẩn thận
5,được coi tốt rất đáng giá cho mức giá này không thể tin được khi giày ở mức giá này
5,hợp túi tiền ổn yên tâm mua video bên dưới cái phần trong nó dính ít bụi do để lâu mới quay k phải giày bị đen ố đâu
5,giày ok nha săn được giá rẻ đi chơi chơi ok mng nên mua đúng size nha mà giao hàng lâu lắm siêu siêu lâu mất 9 ngày
4,giao hàng rất lâu so với sản phẩm khác nhưng may shop vẫn giao sản phẩm như hình đẹp đúng cỡ đặt hộp nát hết rồi nên dùng hộp khác nót thêm giấy giữ form shop nên lưu ý cái này
5,dép rat đep cho shop năm sao
5,thiết kế mũi giày tròn gót phẳng giúp êm ái phù hợp cho các dịp thường ngày giày vải kiểu mới
1,hàng đặt khác shop giao hàng lại khác không như chọn làm ăn mất uy tín
3,mình đặt size 41 shop giao hàng size 42
5,rất ok với giá tiền
3,cỡ 43 mà nhỏ bằng 42
5,shop giao hàng quá nhanh giày nhìn đẹp giá 160k mọi người nên mua ok 5 sao
5,ok giao hàng lâu không chuyển trạng thái đơn hàng làm chờ suốt
5,độ bền vừa với giá tiền sự thoải mái êm ái phong cách phù hợp mọi lứa tuổi
5,rất đáng để sử dụng hàng ngày phù hợp cho nam giới trung niên người già không đc bền so với vải rách mũi giày rồi
5,giày tốt ủng hộ shop chất liệu thoáng khí giữ cho chân bạn mát mẻ rất đáng để sử dụng hàng ngày
4,đầu tháng đặt cuối tháng có giày form hẹp nhất phần mũi chân hơi nhỏ đi bị đau ngón chân đế giày không mềm tiền nào của đó
5,mình nhận được hàng thấy cửa hàng đóng gói cẩn thận nhưng chưa sử dụng nên không rõ như thế nào hàng giao khá nhanh đó
5,hàng kiểu dáng đẹp
5,đa dạng màu sắc để lựa chọn phù hợp cả trong dịp thường ngày trang trọng
5,nhận được giày đây lần mua thứ 2 của mình giày đi rất thoải mái nhẹ thoáng khí
5,giày đẹp mua thêm 1 đôi nữa
5,hợp với giá tiền đúng với mô tả đẹp mọi người nên mua ủng hộ shop nha hình chỉ mang tính chất nhận xu ạ
5,hỗ trợ tuyệt vời cho chạy hoạt động thể thao lựa chọn màu sắc thời trang thoải mái khi mặc hàng ngày thiết kế gai đệm quai chéo độc đáo
5,giá 116k luôn ship hàng về vn giá ổn