rating ,review
     5 ,"Nรณi chung lร ok. Thiแบฟt kแบฟ lฦฐแปi thแปi trang, ฤรณng dรขy buแปc an toรn, Thoแบฃi mรกi cho trang phแปฅc hรng ngรy,Kรญch thฦฐแปc:42, Phรขn loแบกi mรu sแบฏc:BF69 xรกm xanh0"
     4 ,"Nhแบน vร thoรกng khรญ, Nhiแปu kรญch cแปก ฤแป lแปฑa chแปn, chแบฅt liแปu vแบฃi mแปng,lรณt ฤแบฟ mแปng nรชn khรดng รชm chรขn lแบฏm.Giรก rแบป nรชn chแปu thรดiKรญch thฦฐแปc:44, Phรขn loแบกi mรu sแบฏc:BF69 Xanh ฤen0"
     4 ,"Nhแบน vร thoรกng khรญ, Nhiแปu kรญch cแปก ฤแป lแปฑa chแปn, chแบฅt liแปu vแบฃi mแปng,lรณt ฤแบฟ mแปng nรชn khรดng รชm chรขn lแบฏm.Giรก rแบป nรชn chแปu thรดiKรญch thฦฐแปc:43, Phรขn loแบกi mรu sแบฏc:BF69 Xanh ฤen0"
     5 ,"Sแปฑ thoแบฃi mรกi:nhแบน thoรกng ,Nhiแปu kรญch cแปก ฤแป lแปฑa chแปn, Thoแบฃi mรกi khi mแบทc hรng ngรy,   ฤแป bแปn:sแปญ dแปฅng vรi ngรy mแปi ฤรกnh giรก chรญnh xรกc ฤฦฐแปฃc nhฦฐng nhรฌn chung khรก แปn trong tแบงm giรก   Phong cรกch:ฤแบนp trแบป trung nฤng ฤแปng thรญch hแปฃp ฤi dรฃ ngoแบกiKรญch thฦฐแปc:43, Phรขn loแบกi mรu sแบฏc:BF69 xรกm xanh0"
     4 ,"Nhแบน vร thoรกng khรญ, Nhiแปu kรญch cแปก ฤแป lแปฑa chแปn, chแบฅt liแปu vแบฃi mแปng,lรณt ฤแบฟ mแปng nรชn khรดng รชm chรขn lแบฏm.Giรก rแบป nรชn chแปu thรดiKรญch thฦฐแปc:39, Phรขn loแบกi mรu sแบฏc:BF69 Xanh ฤen0"
     5 ,"Chแบฅt liแปu:mแปm  Kรญch cแปก:vแปซa Mฤi thoแบฃi mรกi mรu sแบฏc๏ผฤแบนp  Sแปฑ thoแบฃi mรกi: Kรญch cแปก chรขn (cm)๏ผvแปซaNhรณm mรu:ฤen, Kรญch cแปก:360"
     5 ,"hแบฑng totNhรณm mรu:Mรu khaki, Kรญch cแปก:410"
     5 ,"Tรดi ฤรฃ nhแบญn ฤฦฐแปฃc hรng vรo buแปi chiแปu, vรฌ vแบญy tรดi khรดng thแป chแป ฤแปฃi ฤแป vแป nhร vร mแป nรณ ra ฤแป xem nรณ, nรณ thแปฑc sแปฑ rแบฅt ฤแบนp, vร tรดi mแบทc nรณ rแบฅt ฤแบนp. Thแปฑc sแปฑ, tรดi rแบฅt thรญch nhแปฏng ฤรดi giรy, chแบฅt lฦฐแปฃng rแบฅt tแปt, phong cรกch rแบฅt khรญ quyแปn, hiแปu suแบฅt chi phรญ rแบฅt tแปt, ฤรกng ฤแปng tiแปn, mแปi ngฦฐแปi ฤi ngang qua vร ฤแปซng bแป lแปก nรณ.Color Family:Apricot color, Size:390"
     5 ,"ฤiแปu thแปฑc tแบฟ giแปng nhฦฐ mรด tแบฃ hรฌnh แบฃnh, khรดng cรณ sแปฑ khรกc biแปt vแป mรu sแบฏc, vร nรณ trรดng ฤแบนp. Kรญch thฦฐแปc giรy lร tiรชu chuแบฉn vร nรณ nhแบน ฤแป mแบทcColor Family:Apricot color, Size:430"
     5 ,"ฤรดi giรy rแบฅt thoแบฃi mรกi khi mang, kรญch thฦฐแปc vแปซa phแบฃi mร khรดng va vรo chรขn, vร chแบฅt lฦฐแปฃng rแบฅt tแปt. Nรณ rแบป hฦกn so vแปi cรกi trong cแปญa hรng vแบญt lรฝ, vร tรดi rแบฅt thรญch nรณColor Family:Apricot color, Size:440"
     5 ,"chแบฅt lฦฐแปฃng tฦฐฦกng ฤแปi tแปt kiแปu dรกng tแบกm ฤฦฐแปฃc kรญch cแปก hฦกi rแปng so vแปi chiแปu dรi bรn chรขn mรu sแบฏc ko ฤรบng lแบฏm so vแปi hรฌnh quแบฃng cรกoNhรณm mรu:Apricot color, Kรญch cแปก:380"
     5 ,"ฤรดi giรy cรณ trแปng lฦฐแปฃng nhแบน, thแบฅm hรบt mแป hรดi vร thoรกng khรญ, vร chรบng lร mแปt ฤรดi giรy thแป thao tแปt, rแบฅt mรกt mแบป ฤแป chแบกy, vร cแบฃm giรกc bay chung, hahaha ~~Color Family:Graphite color, Size:390"
     5 ,"Chแบฅt liแปu:tแบกm ฤฦฐแปฃc   Kรญch cแปก:hฦกi rแปng   Kiแปu dรกng:thฦฐแปng , o cรณ pho gรณt, hฦกi mong manh .  Kiแปu dรกng:thฦฐแปng   Sแปฑ thoแบฃi mรกi:o ฤฦฐแปฃc thoแบฃi mรกi .Nhรณm mรu:Coffee color, Kรญch cแปก:400"
     5 ,"ฤรฃ nhแบญn hรng, hรng ฤรบng mรด tแบฃ, chแบฅt lฦฐแปฃng tแปt, shipper vui tรญnh. Tแบทng shop 5 sao. Hรฌnh แบฃnh chแป mang tรญnh minh hoแบกNhรณm mรu:ฤen, Kรญch cแปก:390"
     5 ,"Giao hรng lรขu rแปi mร hรดm nay mแปi thรดng bรกo lร ฤรฃ giao. Nรณi chung hรng ok trong tแบงm giรก. Xรi ฤฦฐแปฃc nghe mแปi ngฦฐแปi.Nhรณm mรu:ฤen, Kรญch cแปก:390"
     5 ,"Thoแบฃi mรกi khi ฤi bแป, Thiแบฟt kแบฟ ฤฦกn giแบฃn vร thแปi trang, Nhแบน vร thoรกng khรญ, ฤฦฐแปng may mแปn, ฤแบฟ nhแปฑa linh hoแบกt,Nhรณm mรu:ฤen, Kรญch cแปก:390"
     5 ,"Chแบฅt lฦฐแปฃng tแปt ฤรกng giรก, Vแปซa vแบทn theo kรญch thฦฐแปc, Thiแบฟt kแบฟ ฤฦกn giแบฃn vร thแปi trang, Thoแบฃi mรกi khi ฤi bแป, ฤฦฐแปng may mแปn, Phong cรกch mรนa thu thแปi thฦฐแปฃng, Phรน hแปฃp vแปi mแปi dแปp,Nhรณm mรu:Coffee color, Kรญch cแปก:420"
     5 ,"Giรy ฤแบนp y hรฌnh cแปงa shop, vแปซa chuแบฉn size, shop ฤรณng gรณi vร giao hรng nhanh, vแบญn chuyแปn tแปซ TQ nhฦฐng cลฉng nhanh lแบฏmNhรณm mรu:Mรu be, Kรญch cแปก:EU:356"
     5 ,"giแบงy ฤแบนp nhฦฐ trรชn  hรฌnh quแบฃng cรกo, รชm, nhแบน. size chuแบฉn. giao hรng nhanh.  vแปi tแบงm giรก nรy nรณi chung lร OKNhรณm mรu:Mรu be, Kรญch cแปก:EU:371"
     5 ,"giรyctrawngs giao hรng hฦกi lรขu 1 chรบt.giแปng hรฌnh mang cลฉng vแปซa chรขn .noi chung cลฉng tแบกm ฤฦฐแปฃcNhรณm mรu:Mรu be, Kรญch cแปก:EU:380"
     5 ,"Kiแปu dรกng:model hรn quแปc   Mรu sแบฏc:be   Kรญch cแปก:size 39  Sแปฑ thoแบฃi mรกi:tแบกm แปn   Chแบฅt liแปu:da siฤแบฟ cao su bแปn, ฤแบฟ cao su chแบฏc lร mang nแบทng chรขnNhรณm mรu:Mรu be, Kรญch cแปก:EU:390"
     5 ,"Chแบฅt liแปu:Hoรn hแบฃo cho mรนa thu, Vแบญt liแปu chแบฅt lฦฐแปฃng cao, Thoรกng khรญ vร thoแบฃi mรกi, Dแป phแปi ฤแป vร linh hoแบกt, Chแปng trฦฐแปฃt ฤแป an toรn, Hแปa tiแบฟt logo thรชm phong cรกch,Nhรณm mรu:ฤen, Kรญch cแปก:EU:380"
     5 ,"Nhanh khรด vร thoรกng khรญ, Phong cรกch ฤฦกn giแบฃn vร ฤa nฤng, Hoรn hแบฃo ฤแป chแบกy, ฤแบฟ giรy chแปng trฦฐแปฃt vร mแปm mแบกi, Thoแบฃi mรกi cho viแปc mแบทc hรng ngรy,Nhรณm mรu:Mรu ฤen, Kรญch cแปก:400"
     5 ,"Chแบฅt liแปu:giแบงy lฦฐแปi mแปm ฤแบฟ cao su  Kรญch cแปก:size40   Kiแปu dรกng:thแป thao  Sแปฑ thoแบฃi mรกi:รชm chรขn, size 40 vแปซa y chรขnNhรณm mรu:Mรu Trแบฏng, Kรญch cแปก:400"
     5 ,"Lรฝ tฦฐแปng cho mรนa hรจ, Nhanh khรด vร thoรกng khรญ, ฤแบฟ giรy chแปng trฦฐแปฃt vร mแปm mแบกi, Hoรn hแบฃo ฤแป chแบกy, Nhanh khรด vร thoรกng khรญ,Nhรณm mรu:Mรu Trแบฏng, Kรญch cแปก:390"
     5 ,"Nhanh khรด vร thoรกng khรญ, Lรฝ tฦฐแปng cho mรนa hรจ, Lรฝ tฦฐแปng cho mรนa hรจ, Lรฝ tฦฐแปng cho mรนa hรจ, Lรฝ tฦฐแปng cho mรนa hรจ,Nhรณm mรu:Mรu Trแบฏng, Kรญch cแปก:440"
     5 ,"Tiแปn nรo cแปงa แบฅy. So vแปi tแบงm hรญa thรฌ OK, nhฦฐng kรญch thฦฐแปc thแปฑc tแบฟ nhแป hฦกn ghong sแป. Chแป dรนng ฤi bแป trong nhร thรฌ ฤฦฐแปฃcNhรณm mรu:Mรu ฤen, Kรญch cแปก:430"
     5 ,"giรy ฤแบนp mang รชm chรขn, nhแปฏng ฤแบทt thรฌ fai trแปซ hao 1or 2 sแป nha. cแบฃm ฦกn shop & shipber!Phรน hแปฃp cho cแบฃ nam vร nแปฏ, Thiแบฟt kแบฟ cao cแป sรnh ฤiแปu, Hoรn hแบฃo cho mแบทc hรng ngรy,Phรขn loแบกi mรu sแบฏc:Cao cแป mรu ฤen, Kรญch cแปก:380"
     5 ,"Thiแบฟt kแบฟ cao cแป sรnh ฤiแปu, Hoรn hแบฃo cho mแบทc hรng ngรy, Tuyแปt vแปi cho trฦฐแปng hแปc hoแบทc ฤแบกi hแปc,Phรขn loแบกi mรu sแบฏc:Cao cแป mรu ฤแป, Kรญch cแปก:410"
     5 ,"Chแบฅt liแปu:vแบฃi  Kรญch cแปก:hฦกi nhแป  Sแปฑ thoแบฃi mรกi:giรy hฦกi nhแป nhฦฐng ฤi vแบซn รชm chรขnPhรขn loแบกi mรu sแบฏc:Cao cแป mรu xanh lam, Kรญch cแปก:370"
     5 ,"lแปก mua size to quรก nhฦฐng ko sao ฤแบฑng nรo chแบฃ lแปn lรชn thanks shoppKรญch cแปก giรy:42, Phรขn loแบกi mรu sแบฏc:Cao ฤแบงu ฤแป0"
     5 ,"hรng tแปt giao hรng ฤรบng mแบซuPhรขn loแบกi mรu sแบฏc:Cao cแป mรu ฤen, Kรญch cแปก:440"
     5 ,"tui ฤแบทt siรชu rแบป cรณ 51k รกp xu vรo. Giรy xแปn vรฃii รฉe ฤi khรดng nแบทng chรขn ฤรขu. Hแปi ฤแบทt thแบฅy mn chแปฅp แบฃnh hong ฦฐng lแบฏm mร nhแบญn vแป แบปm ฤแบนp lแบฏm nha 10 ฤiแปm hong cรณ nhฦฐng ๐ฅฐ๐ฅฐ๐ฅฐ๐ฅฐ shop rep tin nhแบฏn cลฉng nhanh nแปฏa mแปi tแปi giao hฦกi lรขuu mร hรดng sao em chแป ฤc hehhe๐๐Chแบฅt lฦฐแปฃng cao vร giรก cแบฃ hแปฃp lรฝ,  h แบฃnh minh hแปa tui lฦฐแปi chแปฅppNhรณm mรu:black, Kรญch cแปก:EU:370"
     5 ,"Chแบฅt liแปu:  vแบฃi  Kรญch cแปก:  hฦกi rแปng  Mรu sแบฏc:  trแบฏng  Sแปฑ thoแบฃi mรกi:  10/10  Hoรn hแบฃo cho trang phแปฅc hรng ngรy,Nhรณm mรu:white, Kรญch cแปก:EU:380"
     5 ,"giรy xinh lแบฏm, cรณ hแปp bรi bแบฃn nรชn k bแป mรณp....hรng nฦฐแปc ngoรi nรชn hฦกi lรขu......Nhรณm mรu:white, Kรญch cแปก:EU:350"
     5 ,"sแบฃn phแบฉm ฤแบนp giแปng mแบซu chฦฐa mang nรชn chฦฐa biแบฟt chแบฅt lฦฐแปฃng sแบฃn phแบฉmNhรณm mรu:black, Kรญch cแปก:EU:382"
     4 ,"Chแบฅt liแปu vแบฃi canvas thoแบฃi mรกi, Dแปch vแปฅ khรกch hรng xuแบฅt sแบฏc, Chแบฅt lฦฐแปฃng cao vร giรก cแบฃ hแปฃp lรฝ,Nhรณm mรu:black, Kรญch cแปก:EU:382"
     5 ,"Shop ฤรณng gรณi cแบฉn thแบญn, giao hรng rแบฅt nhanhโฆ. Giรก sแบฃn phแบฉm rแบป hฦกn so vแปi cรกc shop khรกcโฆ. Shipper quen, thรขn thiแปn, nhiแปt tรฌnhโฆ.. Sแบฝ tiแบฟp tแปฅc แปงng hแป shopโฆ.. Cรกm ฦกn shop, cรกm ฦกn shipperโฆ..Color Family:Green, Size:400"
     5 ,"Thiแบฟt kแบฟ ฤa nฤng cho cรกc dแปp bรฌnh thฦฐแปng, Thoแบฃi mรกi vร chแปng trฦฐแปฃt, Giรy thแป thao cao cแป phong cรกch, Phรน hแปฃp cho cแบฃ nam vร nแปฏ,Nhรณm mรu:Kaki, Kรญch cแปก:410"
     5 ,"giรy  gui vแป ko  giong vแปi  quแบฃng cรกo.  giรy  ฤแปu.  ko ฤi ฤฦฐแปฃc. cac ban ฤung mua uแปng tien nha.  minh vua nhan hรng xong.  ko ra gรฌ  luแปnNhรณm mรu:Kaki, Kรญch cแปก:411"
     5 ,"Thoแบฃi mรกi vร chแปng trฦฐแปฃt, Hoรn hแบฃo cho mแปi mรนa, Phรน hแปฃp cho cแบฃ nam vร nแปฏ, Giรก trแป tuyแปt vแปi cho giรก cแบฃ,Nhรณm mรu:Kaki, Kรญch cแปก:410"
     5 ,"giรy ฤแบนp lแบฏm. giรก cแบฃ lแบกi quรก ok  rแบฅt vแปซa vแบทn  sแบฝ แปงng hแป tiแบฟpNhรณm mรu:Mรu Xanh Lรก Cรขy, Kรญch cแปก:400"
     5 ,Nhแบญn ฤฦฐแปฃc sแบฃn phแบฉm vร giao hรng rแบฅt nhanh. Gรณi khรดng bแป hฦฐ hแบกi. Sแบฃn phแบฉm chรญnh xรกc nhฦฐ ฤรฃ ฤแบทt. Trรดng rแบฅt ฤแบนp. Tรดi thรญch nรณ vร sแบฝ cho thรชm 5 sao.0
     5 ,"Thiแบฟt kแบฟ thแปi trang vร ฤa nฤng, Bแป mแบทt nhแบตn bรณng vร sรกng bรณng, Bแปn vร bแปn lรขu, Phรน hแปฃp cho cแบฃ cรกc dแปp cรดng viแปc vร thฦฐแปng ngรy, Phรน hแปฃp vแปi nhiแปu kรญch cแปก khรกc nhau, Mรu ฤen thanh lแปch,Nhรณm mรu:black, Kรญch cแปก:EU:410"
     5 ,Tรดi ฤรฃ nhแบญn ฤฦฐแปฃc sแบฃn phแบฉm. Sแบฃn phแบฉm chรญnh xรกc nhฦฐ ฤแบทt hรng hรi lรฒng vแปi sแบฃn phแบฉm phรน hแปฃp. Cแบฃm ฦกn bแบกn rแบฅt nhiแปu.0
     5 ,"sแบฃn phแบฉm nรy dรนng ฤฦฐแปฃc ฤi nhแบน รดm chรขn mua ฤรบng kรญch cแปก giรก dแบป bรณng ฤepNhรณm mรu:black, Kรญch cแปก:EU:390"
     5 ,"Chแบฅt liแปu: Da mแปng nhฦฐng sรกng bรณng. Rแบฅt ฤแบนp. Dรญnh vรo ฤแบฟ lร mแปt chรบt mแปm mแบกi. Mแบทc thoแบฃi mรกi nhฦฐng ฤi trรชn ฤแบฟ xi mฤng, gรณt chรขn cho cแบฃm giรกc nhanh \ nsize: Tiรชu chuแบฉn \ ndesign: Hiแปn ฤแบกi, sang trแปng, rแบฅt thรญch.0"
     5 ,"Giรy bแปn vร lรขu bแปn., Tuyแปt vแปi cho cรกc hoแบกt ฤแปng giแบฃi trรญ vร thแป thao., Tuyแปt vแปi cho cรกc hoแบกt ฤแปng giแบฃi trรญ vร thแป thao., Da PU thoแบฃi mรกi vร thรขn thiแปn vแปi mรดi trฦฐแปng., ฤแบฟ dรy muffin giรบp tฤng chiแปu cao., Giรy bแปn vร lรขu bแปn.,Nhรณm mรu:brown, Kรญch cแปก:EU:380"
     5 ,"Giรy bแปn vร lรขu bแปn., Da PU thoแบฃi mรกi vร thรขn thiแปn vแปi mรดi trฦฐแปng., Vแบญn chuyแปn nhanh chรณng vร giao hรng ฤรกng tin cแบญy., . giรy ฤแบนp lแบฏm nhaNhรณm mรu:brown, Kรญch cแปก:EU:370"
     5 ,"ฤแบทt 2 ฤรดi mรu nรขu giao ฤรบng ฤรดi size 39 ฤรดi kia giao mรu ฤen mร thแบฅy size 36, trong khi ฤแบทt 37 may lร mang cลฉng vแปซa K biแบฟt ฤรกnh giรก sao luรดn รก, thรดi chแบฅp nhแบญn vแบญy Ok mong shop lแบงn sau T แป T hฦกnNhรณm mรu:brown, Kรญch cแปก:EU:370"
     5 ,"Thiแบฟt kแบฟ ngรดi sao phแป biแบฟn cho vแบป ngoรi hแปฃp thแปi trang., Vแปซa vแบทn hoรn hแบฃo vแปi cรกc kรญch cแปก cรณ sแบตn,Nhรณm mรu:black, Kรญch cแปก:EU:382"
     5 ,"Tuyแปt vแปi cho cรกc hoแบกt ฤแปng giแบฃi trรญ vร thแป thao., Tรนy chแปn mรu ฤen vร nรขu phong cรกch.,Nhรณm mรu:black, Kรญch cแปก:EU:370"
     5 ,"Thiแบฟt kแบฟ cแบฏt thแบฅp mang phong cรกch hiแปn ฤแบกi, Hoรn hแบฃo cho viแปc ฤi chฦกi, ฤแบฟ nhแบน vร khรดng trฦกn trฦฐแปฃt, ฤแบฟ dรy tแบกo thรชm sแปฑ thoแบฃi mรกi, Lแปp lรณt lฦฐแปi ฤแป thoรกng khรญ, Thiแบฟt kแบฟ ฤแปc ฤรกo vร thแปi trang, Chแบฅt liแปu da tแปng hแปฃp bแปn bแป,Nhรณm mรu:Xanh lam nhแบกt, Kรญch cแปก:EU:400"
     5 ,"ฤแบฟ dรy tแบกo thรชm sแปฑ thoแบฃi mรกi,Thiแบฟt kแบฟ cแบฏt thแบฅp mang phong cรกch hiแปn ฤแบกi, Lแปฑa chแปn mรu hแปng linh hoแบกt,Nhรณm mรu:pink, Kรญch cแปก:EU:370"
     5 ,"ฤแบฟ dรy ฤแป tฤng thรชm sแปฑ thoแบฃi mรกi, Tรนy chแปn mรu xanh ฤa nฤng, Hoรn hแบฃo cho viแปc ฤi chฦกi, Thiแบฟt kแบฟ cแบฏt thแบฅp cho vแบป ngoรi hiแปn ฤแบกi, Lแปp lรณt lฦฐแปi thoรกng khรญ, Thiแบฟt kแบฟ ฤแปc ฤรกo vร thแปi trang, Chแบฅt liแปu da PU bแปn,Nhรณm mรu:Xanh lam nhแบกt, Kรญch cแปก:EU:400"
     5 ,"Chแบฅt liแปu: OK  Kรญch cแปก: OK  Mรu sแบฏc: OK  Kiแปu dรกng: OK  Kรญch cแปก chรขn (cm): bรฉ gรกi chรขn hฦกi dรi nรชn sz 38 lร vแปซa khรญtNhรณm mรu:Xanh lam nhแบกt, Kรญch cแปก:EU:370"
     5 ,"Tรนy chแปn mรu hแปng ฤa nฤng, ฤรฃ nhแบญn ฤc  hรng rแบฅt ฤแบนp ฤแบฟ nhแบน vร chแปng trฦฐแปฃt,Nhรณm mรu:pink, Kรญch cแปก:EU:390"
     5 ,"Chแบฅt liแปu da PU bแปn bแป, Thฦฐฦกng hiแปu ฤรกng tin cแบญy vแปi khรกch hรng hรi lรฒng, Phong cรกch thแปi trang vร giแบฃn dแป, Thoแบฃi mรกi vร nhแบน nhรng,Nhรณm mรu:Mรu khaki, Kรญch cแปก:EU:390"
     5 ,"giรy rแบฅt ok ฤc cรกi tao ngu ฤแบทt sai to quรก nhฦฐng ko thรจm ฤแปi ฤแป ngkhac ฤi . shipper cลฉng ok thรขn thiแปn .Hรฌnh anbr ko ฤแป xem chแป ฤแป nhรฌn vui lรฒng ko ฤรกnh giรกNhรณm mรu:ฤen, Kรญch cแปก:EU:380"
     5 ,"ฤรฃ nhแบญn ฤฦฐแปฃc hรng. ฤรณng gรณi cแบฉn thแบญn. Nhรฌn cรณ vแบป chแบฏc chแบฏn. Chฦฐa sแปญ dแปฅng. Lรบc nรo sd sแบฝ phแบฃn hแปi nhรฉNhรณm mรu:ฤen, Kรญch cแปก:EU:390"
     5 ,"Hรดm nay mรฌnh nhแบญn ฤฦฐแปฃc hรng, giao rแบฅt nhanh, hแปp ฤรณng gรณi bรชn ngoรi khรดng hฦฐ hแปng, hรng cรฒn nguyรชnColor Family:Khaki, Size:EU:361"
     5 ,"Rแบฅt thแปฑc tแบฟ, rแบฅt hรi lรฒng vแปi giao hรng nhanh chรณng, sแบฝ giแปi thiแปu cแปญa hรng nรyColor Family:Khaki, Size:EU:361"
     5 ,"๐Phong cรกch:  Chแบฅt liแปu lฦฐแปi thoรกng khรญ, Chiแปu cao gรณt thแบฅp ฤแป tฤng thรชm sแปฑ thoแบฃi mรกi, rแบฅt ฤแบนp hรi lรฒng sแบฝ แปงng hแป shop lแบงn sauNhรณm mรu:Hแปng, Kรญch cแปก:370"
     5 ,"Tรนy chแปn mรu sแบฏc ฤa dแบกng, Hoรn hแบฃo cho mรนa xuรขn vร mรนa hรจ, Tuyแปt vแปi cho nhแปฏng ngฦฐแปi yรชu thแปi trang Hรn Quแปc, Thoแบฃi mรกi cho viแปc mแบทc hรng ngรy, Thiแบฟt kแบฟ phong cรกch vร hแปฃp thแปi trang, Dแป dรng kแบฟt hแปฃp vแปi cรกc trang phแปฅc khรกc nhau,   Chแบฅt liแปu:ฤแบฟ cao su nhแบน,mแบทt vแบฃi thoรกng   Kรญch cแปก:cแปก 39  Mรu sแบฏc:hแปng  Kiแปu dรกng:ok  Sแปฑ thoแบฃi mรกi:thoแบฃi mรกi Kรญch cแปก chรขn (cm)๏ผ23,5cmNhรณm mรu:Hแปng, Kรญch cแปก:390"
     5 ,"Chแบฅt liแปu:  mแปm mแบกi nhฦฐng hฦกi mแปng  Kรญch cแปก:  rแปng hฦกn sai chuแบฉn nha. Chรขn mรฌnh ฤi 37 mua 35 thรดi.   Mรu sแบฏc:  thรฌ ok ฤแบนp. Dแป ฤi.   Kiแปu dรกng:  dแป sแปญ dแปฅngNhรณm mรu:Hแปng, Kรญch cแปก:370"
     5 ,"Hoรn hแบฃo cho mรนa xuรขn vร mรนa hรจ, Chแบฅt liแปu lฦฐแปi thoรกng khรญ, Tuyแปt vแปi cho nhแปฏng ngฦฐแปi yรชu thแปi trang Hรn Quแปc,Nhรณm mรu:Hแปng, Kรญch cแปก:382"
     5 ,"Chแบฅt liแปu: ฤแบนp mแปm mแบกi  Mรu sแบฏc: sรกng ฤแบนp  Kiแปu dรกng: trแบป trung  Kรญch cแปก: chuแบฉn  Sแปฑ thoแบฃi mรกi: rแบฅt mแปm mแบกi Kรญch cแปก chรขn (cm)๏ผ chuแบฉnNhรณm mรu:Gray, Kรญch cแปก:380"
     5 ,"Hแปa tiแบฟt monogram thแปi thฦฐแปฃng, Dแป phแปi hแปฃp vแปi nhiแปu trang phแปฅc khรกc nhau, Bแบฃo hรnh 6 thรกng, Thoแบฃi mรกi khi mแบทc hรng ngรy, Cรณ nhiแปu kรญch cแปก ฤแป lแปฑa chแปn, Phรน hแปฃp cho hoแบกt ฤแปng thแป thao, Thiแบฟt kแบฟ thแปi trang, Nhแบน vร thoรกng khรญ,Nhรณm mรu:ฤen, Kรญch cแปก:391"
     5 ,"hรng giแปng mรด tแบฃ,tuy nhiรชn size bแป rแปng. mรฌnh vแบซn ฤi 37 nhฦฐng ฤi 36 thรฌ vแปซa cรฒn 37 bแป rแปng. mแปi ng nghiรชn cแปฉu trc khi muaNhรณm mรu:ฤen, Kรญch cแปก:373"
     5 ,"nรณi chung lร hรng phรน hแปฃp vแปi giรก thรnh,mแปng,nhแบน,size bแป rแปng.mแปi ng mua lฦฐu รฝNhรณm mรu:Hแปng, Kรญch cแปก:362"
     5 ,"hรng ฤรบng mรด tแบฃ,mแปi ng mua nรชn ฤแป รฝ size vรฌ bแป rokngj so vแปi size thรดng thฦฐแปngNhรณm mรu:Gray, Kรญch cแปก:372"
     4 ,"tiec k co size nhแป hฦกn minh lay size nho nhat 36 ve mang qua rแปngNhแบน vร thoรกng khรญ, Phรน hแปฃp cho hoแบกt ฤแปng thแป thao,Nhรณm mรu:Gray, Kรญch cแปก:361"
     5 ,"Hรng ฤแบนp, giao hรng nhanh, ฤi hฦกi ฤau chรขn nhฦฐng sฤn sale giรก rแบป nรชn khรดng ฤรฒi hแปi gรฌ nhiแปu, chแบฅt lฦฐแปฃng phรน hแปฃp vแปi giรก tiแปnNhรณm mรu:Xรกm, Kรญch cแปก:EU:360"
     5 ,"Chแบฅt liแปu:oki  Kรญch cแปก:vแปซa chรขn  giรy ฤแบนp giรก rแบป chแบฅt liแปu tแปt bแปnNhรณm mรu:Xรกm, Kรญch cแปก:EU:390"
     5 ,"Dแป dรng mang vแปi dรขy thun, Mแบซu sแปc thanh lแปch vร ฤฦกn giแบฃn, Tay nghแป chแบฅt lฦฐแปฃng cao cho vแบป ngoรi cao cแบฅp, Thiแบฟt kแบฟ gรณt thแบฅp thoแบฃi mรกi vแปi mลฉi trรฒn,Nhรณm mรu:Xรกm, Kรญch cแปก:EU:400"
     5 ,"Hoรn hแบฃo cho cรกc hoแบกt ฤแปng thแป thao hoแบทc ฤi chฦกi bรฌnh thฦฐแปng, Chแบฅt liแปu nhแบน vร thoรกng khรญ, Da thแบญt chแบฅt lฦฐแปฃng cao, bแปn bแป theo thแปi gian,Nhรณm mรu:Xรกm, Kรญch cแปก:EU:400"
     5 ,"giรy แป ngoรi siรชu xinh รญ mng ฦกi ฦฐng lแบฏm แบก   Kiแปu dรกng:  phรน hแปฃp cho mแปi outfitNhรณm mรu:Xรกm, Kรญch cแปก:EU:360"
     5 ,"Chแบฅt liแปu:  tแปt   Kรญch cแปก:  vแปซa ฤรบng size mรฌnh chแปn  Kiแปu dรกng:  theo trรชn bแบฏt mแบฏt vแปซa phแบฃi vแปi tรบi tiแปn  Giao hรng hฦกi bแป lรขuNhรณm mรu:Mรu be, Kรญch cแปก:EU:420"
     5 ,"Hรi lรฒng vแปi viแปc mua hรng, Lแปฑa chแปn thแปi trang cho nhแปฏng buแปi ฤi chฦกi thฦฐแปng ngรy, Giรy thแป thao nhแบน vร thoแบฃi mรกi,Nhรณm mรu:Mรu be, Kรญch cแปก:EU:400"
     5 ,"khรดng gรฌ ฤแป chรช hแบฟt,tuy rแบฑng cรกi hแปp bung ra chแบฏc do vแบญn chuyแปn, sแบฃn phแบฉm giแปng nhฦฐ quแบฃng cรกo, cรกc bแบกn lรm rแบฅt tแปt,5 sao nhรฉ,coi ฤแป bแปn thแบฟ nรo ฤแป thแปi gian trแบฃ lแปi.size 42 vแปซa y bรn chรขn chiแปu dรi 26cm theo bแบฃng chแปn size giรy.Nhรณm mรu:Mรu be, Kรญch cแปก:EU:420"
     5 ,"Thiแบฟt kแบฟ ฤฦกn giแบฃn vร thแปi trang, Giรy thแป thao nhแบน vร thoแบฃi mรกi, Hoรn hแบฃo cho chแบกy bแป vร hoแบกt ฤแปng thแป thao, Chแบฅt liแปu lฦฐแปi thoรกng khรญ,Nhรณm mรu:Mรu be, Kรญch cแปก:EU:440"
     5 ,"Hรi lรฒng vแปi viแปc mua hรng, Lแปฑa chแปn thแปi trang cho cรกc buแปi ฤi chฦกi thรดng thฦฐแปng,  hรng giao hฦกi lรขu nhฦฐng ฤแบนp rแบป from ฤแบนpNhรณm mรu:Mรu be, Kรญch cแปก:EU:410"
     5 ,"Giรก trแป tuyแปt vแปi cho giรก cแบฃ, Thiแบฟt kแบฟ ฤa nฤng vร hแปฃp thแปi trang, Phรน hแปฃp vแปi ngฦฐแปi yรชu giรy sneaker cแป thแบฅp, Giรy thแป thao trแบฏng phong cรกch,Nhรณm mรu:pink, Kรญch cแปก:EU:390"
     5 ,"=)))) giao lรขu vรฃi nma giรy ฤแบนp cแปฑc kรฌ luรดn รฝ รกp thรชm xu vแปi mรฃ thรฌ chฦฐa ฤแบฟn 150 2 ฤรดi nรy siรชu ฦฐngNhรณm mรu:pink, Kรญch cแปก:EU:372"
     4 ,"Giรy khรก ฤแบนp , nhฦฐng mร cรกi hรฌnh แป cแบกnh giรy phรญa trong may thiแบฟu chแป nhรฌn nรณ cแปฉ bแป thแปซa s รก coi hรฌnh thแบฅy ฤoแบกn ฤแบฅy may ko giแปng hรฌnh nhaNhรณm mรu:Mรu be, Kรญch cแปก:EU:390"
     5 ,"Hoรn hแบฃo cho mรนa xuรขn, Giรก trแป tuyแปt vแปi cho giรก cแบฃ, ฤแบฃm bแบฃo thฦฐฦกng hiแปu QiaoYiLuo, Thiแบฟt kแบฟ ฤฦกn giแบฃn vร tแปi giแบฃn, Phรน hแปฃp vแปi ngฦฐแปi yรชu giรy sneaker cแป thแบฅp, Nแปn tแบฃng Dopamine tฤng chiแปu cao, Thiแบฟt kแบฟ ฤa nฤng vร hแปฃp thแปi trang,Nhรณm mรu:pink, Kรญch cแปก:EU:390"
     5 ,"ฤแบฃm bแบฃo thฦฐฦกng hiแปu QiaoYiLuo, Chแบฅt liแปu da PU thoแบฃi mรกi, Lรฝ tฦฐแปng cho hแปc sinh, Thiแบฟt kแบฟ ฤa nฤng vร hแปฃp thแปi trang, Hoรn hแบฃo cho mรนa xuรขn, Phรน hแปฃp vแปi ngฦฐแปi yรชu giรy sneaker cแป thแบฅp,Nhรณm mรu:Mรu be, Kรญch cแปก:EU:380"
     5 ,"Kiแปu dรกng ฤฦกn giแบฃn vร tiแปn lแปฃi, Dแป phแปi vแปi nhiแปu trang phแปฅc khรกc nhau, Hoรn hแบฃo cho viแปc mแบทc hรng ngรy,Phรขn loแบกi mรu sแบฏc:Mรu xanh lรก cรขyใmแบซu nรขng cแบฅpใ, Kรญch cแปก:410"
     5 ,"Mรฌnh ฤรฃ nhแบญn ฤฦฐแปฃc hรng, thแบฅy cแปญa hรng ฤรณng gรณi cแบฉn thแบญn nhฦฐng chฦฐa sแปญ dแปฅng nรชn khรดng rรต nhฦฐ thแบฟ nรo. Hรng giao khรก nhanh ฤรณ.Phรขn loแบกi mรu sแบฏc:Mรu xanh lรก cรขyใmแบซu nรขng cแบฅpใ, Kรญch cแปก:390"
     5 ,"Hรng kiแปu dรกng ฤแบนpPhรขn loแบกi mรu sแบฏc:Mรu kem ใmแบซu nรขng cแบฅpใ, Kรญch cแปก:390"
     5 ,"ฤa dแบกng mรu sแบฏc ฤแป lแปฑa chแปn, Phรน hแปฃp cแบฃ trong nhแปฏng dแปp thฦฐแปng ngรy vร trang trแปng,Phรขn loแบกi mรu sแบฏc:Mรu ฤenใmแบซu nรขng cแบฅpใ, Kรญch cแปก:390"
     5 ,"Hoรn hแบฃo cho viแปc mแบทc hรng ngรy, Thiแบฟt kแบฟ mแปi theo xu hฦฐแปng, Chแบฅt liแปu thoรกng khรญ cho mรนa hรจ,Phรขn loแบกi mรu sแบฏc:Mรu xanh lรก cรขyใmแบซu nรขng cแบฅpใ, Kรญch cแปก:441"
     5 ,"Giรก trแป tuyแปt vแปi cho giรก cแบฃ, Chแบฅt liแปu vแบฃi bแปn, Vแปซa vแบทn hoรn hแบฃo vแปi nhiแปu kรญch cแปก cรณ sแบตn, Thoแบฃi mรกi vร phong cรกch,Kรญch thฦฐแปc:41, Mรu sแบฏc:ฤen0"
     5 ,"Kiแปu dรกng:ฤแบนpKรญch thฦฐแปc:42, Mรu sแบฏc:Mรu xรกm0"
     5 ,"Chแบฅt liแปu da PU bแปn bแป, Thฦฐฦกng hiแปu ฤรกng tin cแบญy vแปi khรกch hรng hรi lรฒng, Phong cรกch thแปi trang vร giแบฃn dแป, Thoแบฃi mรกi vร nhแบน nhรng,Nhรณm mรu:Mรu khaki, Kรญch cแปก:EU:390"
     5 ,"giรy rแบฅt ok ฤc cรกi tao ngu ฤแบทt sai to quรก nhฦฐng ko thรจm ฤแปi ฤแป ngkhac ฤi . shipper cลฉng ok thรขn thiแปn .Hรฌnh anbr ko ฤแป xem chแป ฤแป nhรฌn vui lรฒng ko ฤรกnh giรกNhรณm mรu:ฤen, Kรญch cแปก:EU:380"
     5 ,"ฤรฃ nhแบญn ฤฦฐแปฃc hรng. ฤรณng gรณi cแบฉn thแบญn. Nhรฌn cรณ vแบป chแบฏc chแบฏn. Chฦฐa sแปญ dแปฅng. Lรบc nรo sd sแบฝ phแบฃn hแปi nhรฉNhรณm mรu:ฤen, Kรญch cแปก:EU:390"
     5 ,"Hรดm nay mรฌnh nhแบญn ฤฦฐแปฃc hรng, giao rแบฅt nhanh, hแปp ฤรณng gรณi bรชn ngoรi khรดng hฦฐ hแปng, hรng cรฒn nguyรชnColor Family:Khaki, Size:EU:361"
     5 ,"Rแบฅt thแปฑc tแบฟ, rแบฅt hรi lรฒng vแปi giao hรng nhanh chรณng, sแบฝ giแปi thiแปu cแปญa hรng nรyColor Family:Khaki, Size:EU:361"
     5 ,"Nhanh khรด vร thoรกng khรญ, Phong cรกch ฤฦกn giแบฃn vร ฤa nฤng, Hoรn hแบฃo ฤแป chแบกy, ฤแบฟ giรy chแปng trฦฐแปฃt vร mแปm mแบกi, Thoแบฃi mรกi cho viแปc mแบทc hรng ngรy,Nhรณm mรu:Mรu ฤen, Kรญch cแปก:400"
     5 ,"Chแบฅt liแปu:giแบงy lฦฐแปi mแปm ฤแบฟ cao su  Kรญch cแปก:size40   Kiแปu dรกng:thแป thao  Sแปฑ thoแบฃi mรกi:รชm chรขn, size 40 vแปซa y chรขnNhรณm mรu:Mรu Trแบฏng, Kรญch cแปก:400"
     5 ,"Lรฝ tฦฐแปng cho mรนa hรจ, Nhanh khรด vร thoรกng khรญ, ฤแบฟ giรy chแปng trฦฐแปฃt vร mแปm mแบกi, Hoรn hแบฃo ฤแป chแบกy, Nhanh khรด vร thoรกng khรญ,Nhรณm mรu:Mรu Trแบฏng, Kรญch cแปก:390"
     5 ,"Nhanh khรด vร thoรกng khรญ, Lรฝ tฦฐแปng cho mรนa hรจ, Lรฝ tฦฐแปng cho mรนa hรจ, Lรฝ tฦฐแปng cho mรนa hรจ, Lรฝ tฦฐแปng cho mรนa hรจ,Nhรณm mรu:Mรu Trแบฏng, Kรญch cแปก:440"
     5 ,"Tiแปn nรo cแปงa แบฅy. So vแปi tแบงm hรญa thรฌ OK, nhฦฐng kรญch thฦฐแปc thแปฑc tแบฟ nhแป hฦกn ghong sแป. Chแป dรนng ฤi bแป trong nhร thรฌ ฤฦฐแปฃcNhรณm mรu:Mรu ฤen, Kรญch cแปก:430"
     5 ,"Giรy bแปn vร lรขu bแปn., Tuyแปt vแปi cho cรกc hoแบกt ฤแปng giแบฃi trรญ vร thแป thao., Tuyแปt vแปi cho cรกc hoแบกt ฤแปng giแบฃi trรญ vร thแป thao., Da PU thoแบฃi mรกi vร thรขn thiแปn vแปi mรดi trฦฐแปng., ฤแบฟ dรy muffin giรบp tฤng chiแปu cao., Giรy bแปn vร lรขu bแปn.,Nhรณm mรu:brown, Kรญch cแปก:EU:380"
     5 ,"Giรy bแปn vร lรขu bแปn., Da PU thoแบฃi mรกi vร thรขn thiแปn vแปi mรดi trฦฐแปng., Vแบญn chuyแปn nhanh chรณng vร giao hรng ฤรกng tin cแบญy., . giรy ฤแบนp lแบฏm nhaNhรณm mรu:brown, Kรญch cแปก:EU:370"
     5 ,"ฤแบทt 2 ฤรดi mรu nรขu giao ฤรบng ฤรดi size 39 ฤรดi kia giao mรu ฤen mร thแบฅy size 36, trong khi ฤแบทt 37 may lร mang cลฉng vแปซa K biแบฟt ฤรกnh giรก sao luรดn รก, thรดi chแบฅp nhแบญn vแบญy Ok mong shop lแบงn sau T แป T hฦกnNhรณm mรu:brown, Kรญch cแปก:EU:370"
     5 ,"Thiแบฟt kแบฟ ngรดi sao phแป biแบฟn cho vแบป ngoรi hแปฃp thแปi trang., Vแปซa vแบทn hoรn hแบฃo vแปi cรกc kรญch cแปก cรณ sแบตn,Nhรณm mรu:black, Kรญch cแปก:EU:382"
     5 ,"Tuyแปt vแปi cho cรกc hoแบกt ฤแปng giแบฃi trรญ vร thแป thao., Tรนy chแปn mรu ฤen vร nรขu phong cรกch.,Nhรณm mรu:black, Kรญch cแปก:EU:370"
     5 ,"Chแบฅt liแปu:nhฦฐ hรฌnh   Kรญch cแปก:vแปซa   Mรu sแบฏc:trแบป trung tฦฐฦกi tแบฏn   Kiแปu dรกng:ฤแบนp   Sแปฑ thoแบฃi mรกi: Kรญch cแปก chรขn (cm)๏ผfgjjjkkkgffvnhhjjjjbvcccfdcsffhgdvggggghhhedfhhjkkkgff vfghhjkiitrd ghjjkihfฤjmcccnnkNhรณm mรu:black+red, Kรญch cแปก:EU:381"
     5 ,"Nhแบน nhรng vร thoแบฃi mรกi khi mang, Vแปซa vแบทn hoรn hแบฃo vร ฤรบng kรญch thฦฐแปc, Giรก trแป tuyแปt vแปi cho giรก tiแปnNhรณm mรu:jujube red, Kรญch cแปก:EU:390"
     5 ,"ฤรฃ nhแบญn hรng cลฉng ฤแบนp ,ฤรบng mแบซu, ฤรบng size ,ฤรบng mรu mang cลฉng vแปซa chรขn, nhแบน vร thoรกng khi , thรญch hแปฃp ฤแป tแบญp thแป dแปฅc hแบฑng ngรy nha.Nhรณm mรu:black+pink, Kรญch cแปก:EU:380"
     5 ,"Giรก trแป tuyแปt vแปi cho giรก tiแปn, Thiแบฟt kแบฟ thแปi trang vร phong cรกch, Dแป dรng lรm sแบกch vร bแบฃo quแบฃn, Dแป dรng lรm sแบกch vร bแบฃo quแบฃn, Vแปซa vแบทn hoรn hแบฃo vร ฤรบng kรญch thฦฐแปc,Nhรณm mรu:black+pink, Kรญch cแปก:EU:350"
     5 ,"Vแปซa vแบทn hoรn hแบฃo vร ฤรบng kรญch thฦฐแปc, Nhแบญn ฤฦฐแปฃc nhiแปu lแปi khen khi mang chรบng, Nhแบญn ฤฦฐแปฃc nhiแปu lแปi khen khi mang chรบng, Nhแบญn ฤฦฐแปฃc nhiแปu lแปi khen khi mang chรบng,Nhรณm mรu:black+pink, Kรญch cแปก:EU:390"
     5 ,"giรy rแบฅt ฤแบนp giรก rแบป cแบฃm ฦกn shop ghjkiutrewaasdfghjhvvddedhjkkiurwwdffhjkiiutrrdxcvbjjNhรณm mรu:pink (leather), Kรญch cแปก:360"
     5 ,"Tay nghแป cลฉng rแบฅt tแปt, hฦฐฦกng vแป cลฉng vแปซa miแปng mแปt chรบt, mแบทc cแบฃ buแปi sรกng cลฉng khรดng thแบฅy mแปt, ฤแบงy ฤแบทn nฤm ฤiแปm.Nhรณm mรu:blue (leather), Kรญch cแปก:360"
     5 ,"Chแบฅt lฦฐแปฃng vร tay nghแป tแปt, rแบฅt ฤแบนp, kinh doanh ฤรกng tin cแบญyColor Family:blue (leather), Size:351"
     5 ,"ฤรฃ nhแบญn hรng ฤรบng nhฦฐ hรฌnh แบฃnh mรด tแบฃ trรชn hแป thแปng lazada. nhรฌn chung lร dรนng ฤฦฐแปฃcNhรณm mรu:blue (leather), Kรญch cแปก:390"
     5 ,"uhm giรy cx tแบกm ฤc th vs mแปฉc giรก nhฦฐ v thรฌ ko thแป mong j hฦกn nแปฏa giรy hฦกi bแป nhฤn nheo 1 tรญ nhฦฐng v cx ฤc r khรก okNhรณm mรu:blue (leather), Kรญch cแปก:400"
     5 ,"Chแบฅt liแปu:tแบกm ฤฦฐแปฃc   Kรญch cแปก:hฦกi rแปng   Kiแปu dรกng:thฦฐแปng , o cรณ pho gรณt, hฦกi mong manh .  Kiแปu dรกng:thฦฐแปng   Sแปฑ thoแบฃi mรกi:o ฤฦฐแปฃc thoแบฃi mรกi .Nhรณm mรu:Coffee color, Kรญch cแปก:400"
     5 ,"ฤรฃ nhแบญn hรng, hรng ฤรบng mรด tแบฃ, chแบฅt lฦฐแปฃng tแปt, shipper vui tรญnh. Tแบทng shop 5 sao. Hรฌnh แบฃnh chแป mang tรญnh minh hoแบกNhรณm mรu:ฤen, Kรญch cแปก:390"
     5 ,"Giao hรng lรขu rแปi mร hรดm nay mแปi thรดng bรกo lร ฤรฃ giao. Nรณi chung hรng ok trong tแบงm giรก. Xรi ฤฦฐแปฃc nghe mแปi ngฦฐแปi.Nhรณm mรu:ฤen, Kรญch cแปก:390"
     5 ,"Thoแบฃi mรกi khi ฤi bแป, Thiแบฟt kแบฟ ฤฦกn giแบฃn vร thแปi trang, Nhแบน vร thoรกng khรญ, ฤฦฐแปng may mแปn, ฤแบฟ nhแปฑa linh hoแบกt,Nhรณm mรu:ฤen, Kรญch cแปก:390"
     5 ,"Chแบฅt lฦฐแปฃng tแปt ฤรกng giรก, Vแปซa vแบทn theo kรญch thฦฐแปc, Thiแบฟt kแบฟ ฤฦกn giแบฃn vร thแปi trang, Thoแบฃi mรกi khi ฤi bแป, ฤฦฐแปng may mแปn, Phong cรกch mรนa thu thแปi thฦฐแปฃng, Phรน hแปฃp vแปi mแปi dแปp,Nhรณm mรu:Coffee color, Kรญch cแปก:420"
     5 ,"giรy ฤแบนp nhรฉ mng ฦกi, shop rแบฅt hay sale ฤแป รกp xu vรด chฦฐa tแปi 100k mร ฤฦฐแปฃc giรy ฤแบนp lแบฏm รญ. giแบฃ sแปญ cแบงm 500k ra shop mua ฤฦฐแปฃc 1 ฤรดi thรฌ mua trรชn ฤรขy ฤฦฐแปฃc hแบณn 5 ฤรดi ฤรฃ thแบฟ cรฒn ฤแบนp๐ nghe mng nรณi giao hรng 2 tuแบงn mแปi tแปi mร tui ฤแบทt 6 ngรy lร cรณ rรนi รก, tแปซ 7/8 ฤแบฟn 13/8 nhแบญn ฤc nรจNhรณm mรu:brown, Kรญch cแปก:EU:391"
     5 ,"Giรy ฤแบนp, chuแบฉn size, lแปp lรณt แปn, shop ฤรณng gรณi cแบฉn thแบญn, giao hรng hฦกi lรขu.Nhรณm mรu:brown, Kรญch cแปก:EU:390"
     5 ,"Chแบฅt lฦฐแปฃng sแบฃn phแบฉm tแปt, shop chuแบฉn bแป hรng nhanh chรณng, ฤรณng gรณi cแบฉn thแบญnNhรณm mรu:Mรu be, Kรญch cแปก:EU:390"
     5 ,"Thรญch hแปฃp cho mแบทc thฦฐแปng xuyรชn, thรญch hแปฃp cho mแบทc thฦฐแปng xuyรชn, thรญch hแปฃp cho mแบทc thฦฐแปng xuyรชn, thรญch hแปฃp cho mแบทc thฦฐแปng xuyรชn,1"
     5 ,"รช kh nghฤฉ lร ฤแบนp vแบญy luรดn รก so vฦกi giรก tiแปn thรฌ kh cรณ gรฌ ฤแป chรช luรดnNhรณm mรu:black, Kรญch cแปก:EU:380"
     5 ,"Giรy lรฝ tฦฐแปng cho nhแปฏng chuyแบฟn phiรชu lฦฐu mรนa hรจ, Giรy lรฝ tฦฐแปng cho nhแปฏng chuyแบฟn phiรชu lฦฐu mรนa hรจ,Kรญch thฦฐแปc:40, Phรขn loแบกi mรu sแบฏc:Vแบฃi lanh ฤen0"
     5 ,"MANG 40-41 THร NรN LแบคY 41. 40 HฦI CHแบฌT ๐ Hoรn hแบฃo cho viแปc mแบทc hรng ngรy, ฤแบฟ bแปn cแป mแปt mรฌnh ฤแปc ฤรกo, Giรy mรนa hรจ thแปi trang vร thoแบฃi mรกi, Nhiแปu lแปฑa chแปn mรu sแบฏc ฤแป chแปn, Thiแบฟt kแบฟ thoรกng khรญ vร nhแบน nhรng, Vแบฃi lanh mรu nรขu thanh lแปch, Bแปn vร bแปn lรขu, Giรy ฤa nฤng dรnh cho cแบฃ nam vร nแปฏ,Kรญch cแปก:40, Phรขn loแบกi mรu sแบฏc:Vแบฃi lanh mรu nรขu nhแบกt0"
     5 ,"ghhhbb ghhbb hhjjiuzzggf gghjiuuujj gghjjhfcvbjztf goodKรญch thฦฐแปc:42, Phรขn loแบกi mรu sแบฏc:Vแบฃi lanh mรu nรขu ฤแบญm0"
     5 ,"hรng ฤแบนp nhฦฐ hรฌnh,giรก rแบป so vแปi thแป trฦฐแปngKรญch thฦฐแปc:42, Phรขn loแบกi mรu sแบฏc:Vแบฃi lanh mรu nรขu nhแบกt0"
     5 ,"Giรy ฤแบนp, ฤรบng size.Kรญch cแปก:37, Phรขn loแบกi mรu sแบฏc:Mรu xanh lam sแปc to0"
     5 ,"Khรณa dรขy tiแปn lแปฃi, Mรu xanh ฤa nฤng, ฤแบฟ dรy tแบกo cแบฃm giรกc thoแบฃi mรกi hฦกn, Cแป giรy vแปซa phแบฃi ฤแป hแป trแปฃ mแบฏt cรก chรขn, Bแบฃo hรnh 6 thรกng an tรขm,Nhรณm mรu:Xanh dฦฐฦกng, Kรญch cแปก:390"
     5 ,"Thiแบฟt kแบฟ V-neck thแปi trang, Mรu ฤen cแป ฤiแปn cho phong cรกch bแบฅt hแปง, Chแบฅt liแปu cotton mแปm mแบกi vร thoแบฃi mรกi, รo khoรกc dแป dรng phแปi ฤแป cho cรกc dแปp thฦฐแปng ngรy,Nhรณm mรu:Hแปng, Kรญch cแปก:370"
     5 ,"Cแป giรy vแปซa phแบฃi ฤแป hแป trแปฃ mแบฏt cรก chรขn, Phรน hแปฃp cho mแบทc hรng ngรy,Nhรณm mรu:Xanh dฦฐฦกng, Kรญch cแปก:370"
     5 ,"Hรกng ฤรณng gรณi cรณ hแปp theo mรฌnh thแบฅy chแบฏc lรบc ฤรณng gรณi hแปp ฤแบนp nhฦฐng do vแบญn chuyแปn ฤฦฐแปng xa nรชn khi hรng ฤแบฟn mรฌnh hแปp mรณp mรฉo nhฦฐng ko แบฃnh hฦฐแปng ฤแบฟn giรy coi nhฦฐ cลฉng ok nhaNhรณm mรu:Xanh dฦฐฦกng, Kรญch cแปก:370"
     5 ,"Chแบฅt liแปu:da pu  Kรญch cแปก:40  Mรu sแบฏc:trแบฏng xanh  Kiแปu dรกng:ฤแบนp   Sแปฑ thoแบฃi mรกi:แปn  Kรญch cแปก chรขn (cm)๏ผvแปซa bรn chรขnNhรณm mรu:Xanh dฦฐฦกng, Kรญch cแปก:400"
     5 ,"mแปm mแปn, vแบฃi ฤแบนp. xแปฉng ฤรกng giรก tiแปn size M 46 kg mแบทc vแปซa thoแบฃi mรกiNhรณm mรu:Gray, Kรญch cแปก:411"
     5 ,"ฤแบฟ PVC chแปng trฦกn trฦฐแปฃt tแปt hฦกn, Hรฌnh dแบกng mลฉi trรฒn giรบp vแปซa vแบทn hฦกn, Phรน hแปฃp cho viแปc mแบทc hรng ngรy vร chแบกy bแป,Nhรณm mรu:ฤen, Kรญch cแปก:400"
     5 ,"ฤแปm รชm รกi mang lแบกi sแปฑ thoแบฃi mรกi kรฉo dรi, Thiแบฟt kแบฟ thanh lแปch vร ฤฦกn giแบฃn, ฤแบฟ PVC chแปng trฦกn trฦฐแปฃt tแปt hฦกn, Phรน hแปฃp cho viแปc mแบทc hรng ngรy vร chแบกy bแป, Nhแบน vร linh hoแบกt cho viแปc di chuyแปn dแป dรng, Giรy thoรกng khรญ vร thoแบฃi mรกi, Giรก trแป tuyแปt vแปi cho giรก tiแปn,Nhรณm mรu:Gray, Kรญch cแปก:440"
     5 ,"hรng vแป tแปซ trung quแปc nรชn vแป chแบญm.giแบงy vแบฃi ,ฤi รดm chรขn,mรกt,tuy hรฌnh thแปฉc khรดng ฤแบนp nhฦฐng phรน hแปฃp cho ฤi bแป,chแบกy,ฤแบกp xe.Nhรณm mรu:ฤen, Kรญch cแปก:390"
     5 ,"Phรน hแปฃp cho viแปc mแบทc hรng ngรy vร chแบกy bแป, Phรน hแปฃp cho viแปc mแบทc hรng ngรy vร chแบกy bแป, Phรน hแปฃp cho viแปc mแบทc hรng ngรy vร chแบกy bแป, Phรน hแปฃp cho viแปc mแบทc hรng ngรy vร chแบกy bแป,Nhรณm mรu:Gray, Kรญch cแปก:410"
     5 ,"ฤแป bรกm tแปt trรชn cรกc bแป mแบทt khรกc nhau, Thoแบฃi mรกi khi mแบทc hรng ngรy, Giรก trแป tuyแปt vแปi cho giรก cแบฃ,Nhรณm mรu:Black Red, Kรญch cแปก:390"
     5 ,"Phรน hแปฃp cho cรกc hoแบกt ฤแปng ngoรi trแปi, Giรก trแป tuyแปt vแปi cho giรก cแบฃNhรณm mรu:Black Red, Kรญch cแปก:440"
     5 ,"Thiแบฟt kแบฟ phong cรกch, Vแปซa vแบทn tuyแปt vแปi, Giao hรng nhanh chรณng, Vแบฃi chแบฅt lฦฐแปฃng cao, Vแบฃi chแบฅt lฦฐแปฃng cao,Phรขn Loแบกi:ฤen 392"
     5 ,"tuyแปt vแปi, tiแบฟc khรดng cรณ lแบฅy size to hฦกn, ฤฦฐแปฃc cรกi รดm chรขnPhรขn Loแบกi:ฤen 430"
     5 ,okPhรขn Loแบกi:ฤen 422
     5 ,"Tuyแปt vแปi, ฤแบนp  รชm  rแบฅt  thoแบฃi mรกi. ร kรชPhรขn Loแบกi:ฤen 420"
     5 ,"Vแปซa vแบทn hoรn hแบฃo, Giรก trแป tแปt cho tiแปn,Phรขn Loแบกi:ฤen 410"
     5 ,"Giรy tuyแปt vแปi cho nhแปฏng buแปi ฤi chฦกi thฦฐแปng ngรy., Giรy tuyแปt vแปi cho nhแปฏng buแปi ฤi chฦกi thฦฐแปng ngรy.,Nhรณm mรu:Xanh dฦฐฦกng, Kรญch cแปก:EU:400"
     5 ,"Chแบฅt liแปu chแบฅt lฦฐแปฃng cao, xแปฉng ฤรกng vแปi giรก tiแปn., Yรชu mรu xanh nรy, rแบฅt tฦฐฦกi sรกng!, Thiแบฟt kแบฟ thแปi trang vร thoแบฃi mรกi!, Giรy tuyแปt vแปi cho nhแปฏng buแปi ฤi chฦกi thฦฐแปng ngรy.,Nhรณm mรu:Xanh dฦฐฦกng, Kรญch cแปก:EU:380"
     5 ,"Vแปซa vแบทn hoรn hแบฃo, chuแบฉn kรญch cแปก., Chแบฅt liแปu thoรกng khรญ, hoรn hแบฃo cho viแปc tแบญp luyแปn., Giรy tuyแปt vแปi cho nhแปฏng buแปi ฤi chฦกi thฦฐแปng ngรy., Vแปซa vแบทn hoรn hแบฃo, chuแบฉn kรญch cแปก., Chแบฅt liแปu chแบฅt lฦฐแปฃng cao, xแปฉng ฤรกng vแปi giรก tiแปn., Chแบฅt liแปu chแบฅt lฦฐแปฃng cao, xแปฉng ฤรกng vแปi giรก tiแปn.,Nhรณm mรu:Mรu Xanh Lรก Cรขy, Kรญch cแปก:EU:360"
     5 ,"cลฉng oke bbbbbbbbbbbbbbbbbbbbbbbbbbbbbbbbbbbbbbbbbbbbNhรณm mรu:Mรu Xanh Lรก Cรขy, Kรญch cแปก:EU:360"
     5 ,"ฤรฃ nhแบญn hรng . ฤy rแบฅt รชm vร thoแบฃi mรกi. nรชn mua nha mn. sแบฝ แปงng hแป shopNhรณm mรu:Mรu Xanh Lรก Cรขy, Kรญch cแปก:EU:370"
     5 ,"Phรน hแปฃp hoรn hแบฃo vแปi nhiแปu kรญch thฦฐแปc, Tuyแปt vแปi cho viแปc chแบกy bแป, Giรy thแป thao ฤa nฤng cho hแปc sinh, Kiแปu dรกng cแป thแบฅp mang lแบกi sแปฑ thoแบฃi mรกi, Thiแบฟt kแบฟ ฤฦกn giแบฃn vร thoแบฃi mรกi, Mรu sแบฏc ฤen trแบฏng thแปi trang, Thoรกng khรญ vร nhแบน nhรng, Chแบฅt liแปu da chแปng nฦฐแปc, tรดi mแปi nhแบญn ฤฦฐแปฃc hรng rแปi nha shop tรดi tแบทng cho shop 5 saoNhรณm mรu:black, Kรญch cแปก:EU:410"
     5 ,"Chแบฅt liแปu cotton bแปn bแป, Chแบฅt liแปu cotton bแปn bแป, Thoรกng khรญ vร nhแบน nhรng, Thoรกng khรญ vร nhแบน nhรng, Chแบฅt liแปu da chแปng nฦฐแปc,Nhรณm mรu:black, Kรญch cแปก:EU:420"
     5 ,"Kiแปu dรกng:  Kiแปu dรกng cแป thแบฅp mang lแบกi sแปฑ thoแบฃi mรกi, Phรน hแปฃp hoรn hแบฃo vแปi cรกc kรญch cแปก khรกc nhau, Thoรกng khรญ vร nhแบน nhรng, Chแบฅt liแปu da chแปng nฦฐแปc, Kiแปu dรกng cแป thแบฅp mang lแบกi sแปฑ thoแบฃi mรกi, Phรน hแปฃp hoรn hแบฃo vแปi cรกc kรญch cแปก khรกc nhau,Nhรณm mรu:white, Kรญch cแปก:EU:430"
     5 ,"ฤแป bแปn:Kiแปu dรกng cแป thแบฅp mang lแบกi sแปฑ thoแบฃi mรกi, Mรu ฤen vร trแบฏng phong cรกch. Giaฬ reฬ hฦกฬฃp tuฬi tiรชฬn moฬฃi ngฦฐฦกฬi nรชn muaNhรณm mรu:white, Kรญch cแปก:EU:430"
     5 ,"Tuyแปt vแปi cho viแปc chแบกy bแป, Thoรกng khรญ vร nhแบน nhรng, Chแบฅt liแปu da chแปng nฦฐแปc, Phรน hแปฃp hoรn hแบฃo vแปi nhiแปu kรญch thฦฐแปc,Nhรณm mรu:white, Kรญch cแปก:EU:430"
     5 ,"Chแบฅt liแปu lฦฐแปi cao cแบฅp, Thiแบฟt kแบฟ tฤng chiแปu cao, Thoรกng khรญ vร thoแบฃi mรกi, Bแปn vร lรขu bแปn, Lแปch sแปฑ vร thแปi trang,Nhรณm mรu:black, Kรญch cแปก:EU:380"
     5 ,"Giรy vแปซa chรขn, cao 5cm mang ฤแบนp รชm chรขn, ok nha shop, giao tแปซ nฦฐแปc ngoรi 7 ngรyNhรณm mรu:Socola trแบฏng, Kรญch cแปก:EU:381"
     5 ,"giao hรng nhanh. nhรขn viรชn giao hรng tแบญn tรฌnh chu ฤรกo. ฤรณng gรณi cแบฉn thแบญn. hรng ฤรบng nhฦฐ quแบฃng cรกo. mรฌnh rแบฅt thรญch. sแบฝ แปงng hแป tiแบฟpNhรณm mรu:Socola trแบฏng, Kรญch cแปก:EU:390"
     5 ,"Thiแบฟt kแบฟ mid-top thoแบฃi mรกi., Giรก trแป tuyแปt vแปi cho giรก cแบฃ, Thiแบฟt kแบฟ tฤng chiแปu cao, Chแบฅt liแปu lฦฐแปi chแบฅt lฦฐแปฃng cao, Phong cรกch vร hแปฃp thแปi trang, Phรน hแปฃp ฤแป mแบทc hรng ngรy,Nhรณm mรu:black, Kรญch cแปก:EU:360"
     5 ,"Hoรn hแบฃo cho cรกc hoแบกt ฤแปng thแป thao, Thoรกng khรญ vร thoแบฃi mรกi, Vแปซa ฤรบng kรญch cแปก, Phong cรกch vร hแปฃp thแปi trang, Thiแบฟt kแบฟ mid-top thoแบฃi mรกi.,Nhรณm mรu:black, Kรญch cแปก:EU:370"
     5 ,"Thiแบฟt kแบฟ nฦก thแปi trang, Chแบฅt lฦฐแปฃng tuyแปt vแปi vแปi giรก cแบฃ hแปฃp lรฝ, Giao hรng nhanh chรณng vร miแปn phรญ, ฤa nฤng cho mแปi dแปp,Nhรณm mรu:blue mesh, Kรญch cแปก:400"
     5 ,"Giรy ฤแบนp, giรก tแปt, ฤi nhแบน, รชm chรขn. Vแบญn chuyแปn nhanh vร miแปn phรญ,Nhรณm mรu:brown mesh, Kรญch cแปก:381"
     5 ,"Sฤn ฤฦฐแปฃc sale gia rแบป nรชn mua giรy mang cung on tien nao cแปงa nay thรดi mang hu lai mua doi khรกcNhรณm mรu:blue, Kรญch cแปก:400"
     5 ,"Giรy ฤแบนp. cแปฉng from, giao ฤรบng sz ฤรบng mแบซu. chแป cรณ ฤiแปu lร phแบงn lรณt chแป buแปc giรขy 1 bรชn may bแป rรบm. Cรฒn ฤรขu ฤแปu hรu lรฒng. Giao hรnh hฦกi lรขu.Nhรณm mรu:brown mesh, Kรญch cแปก:371"
     5 ,"Kรญch cแปก chuแบฉn, chแบฅt lฦฐแปฃng phรน hแปฃp vแปi giรก thรnh Mรฌnh ฤแบทt giรy full da nhฦฐng giao cho ฤรดi lฦฐแปi แป trรชn mแบทt giรy, khรดng ฦฐng nhฦฐng ngแบกi ฤแปi trแบฃNhรณm mรu:brown mesh, Kรญch cแปก:370"
     5 ,"๐Phong cรกch:  Nhiแปu tรนy chแปn mรu sแบฏc, Phong cรกch Hรn Quแปc thแปi thฦฐแปฃng, Phong cรกch Hรn Quแปc thแปi thฦฐแปฃng,Nhรณm mรu:ฤen, Kรญch cแปก:380"
     5 ,"Thiแบฟt kแบฟ hiแปn ฤแบกi vร mแปng, shop uy tiฬn nha moฬฃi ngฦฐฦกฬi giรขฬy ฤeฬฃp giaฬ reฬ cรขฬm ฦกn shop tฤng shop nฤm sao ship nhiรชฬฃt tiฬnh cรขฬm ฦกn LAZADA ฦกฬ nhaฬ mua haฬng rรขฬt tiรชฬฃnNhรณm mรu:Hแปng, Kรญch cแปก:400"
     5 ,"ok sai thoแบกi mai nhaNhรณm mรu:ฤen, Kรญch cแปก:390"
     5 ,"Sแบฃn phแบฉm OKNhรณm mรu:Gray, Kรญch cแปก:370"
     5 ,"ฤแบนp lฤmNhรณm mรu:Gray, Kรญch cแปก:380"
     5 ,"Tรดi khรดng mong ฤแปฃi quรก nhiแปu khi mua nรณ, nhฦฐng khi tรดi nhแบญn ฤฦฐแปฃc hรng, nรณ ฤรฃ vฦฐแปฃt quรก mong ฤแปฃi cแปงa tรดi, rแบฅt dแป sแปญ dแปฅng vร rแบฅt hรi lรฒng.Color Family:Black, Size:410"
     5 ,"Tรดi chแป ฤแบทt hรng sau khi ฤแปc bรฌnh luแบญn cแปงa ngฦฐแปi bรกn, tรดi khรดng mong ฤแปฃi quรก nhiแปu, nhฦฐng sแบฃn phแบฉm rแบฅt tแปt vร ฤรกng mua.Color Family:Black, Size:410"
     5 ,"Hรดm nay mรฌnh nhแบญn ฤฦฐแปฃc hรng, giao rแบฅt nhanh, hแปp ฤรณng gรณi bรชn ngoรi khรดng hฦฐ hแปng, hรng cรฒn nguyรชnColor Family:Black, Size:410"
     5 ,"ฤรฃ nhแบญn hรng, cรฒn nguyรชn vแบนn, size nhแป vแปซa phแบฃi khรดng to quรก, mรu y nhฦฐ mรu ฤแบทt, chแบฅt lฦฐแปฃng tแปt.Color Family:White, Size:410"
     5 ,"ฤรฃ nhแบญn hรng, cรฒn nguyรชn vแบนn, size nhแป vแปซa phแบฃi khรดng to quรก, mรu y nhฦฐ mรu ฤแบทt, chแบฅt lฦฐแปฃng tแปt.Color Family:Black, Size:410"
     5 ,"ฤรณng gรณi lร ok, nhฦฐng sแบฃn phแบฉm khรดng bแป hแปng. Tรฌm tรi liแปu cรณ sแบตn. Mรu sแบฏc phรน hแปฃp vแปi thแปฉ tแปฑ. Giรก hฦกi chแบญm. Theo dรตi sแบฃn phแบฉm mแปt chรบt khรณ khฤn.0"
     5 ,"Tรดi ฤรฃ nhแบญn ฤฦฐแปฃc sแบฃn phแบฉm. Sau khi chแป ฤแปฃi mแปt thแปi gian dรi, rแบฅt rแบฅt rแบฅt nhiแปu, rแบฅt ฤแบนp trรชn trang bรฌa. Bแบกn Gรกi Tรดi Rแบฅt thรญch nรณ. Vแป bแปc cรณ chแบฅt lฦฐแปฃng rแบฅt tแปt, thoแบฃi mรกi khi ฤeo, chรขn mแปm, tแปt0"
     5 ,"Thรญch hแปฃp cho mรนa thu, thiแบฟt kแบฟ giรy thuแบญn tiแปn, thiแบฟt kแบฟ thแปi trang vร thแปi trang, chแบฅt liแปu da chแบฅt lฦฐแปฃng cao, cung cแบฅp hแป trแปฃ vร thoแบฃi mรกi, tay nghแป xuแบฅt sแบฏc, nhiแปu loแบกi giรy cho cรกc dแปp khรกc nhau, phong cรกch vร thแปi trang,0"
     5 ,Rแบฅt ฤแบนp. Tรดi thรญch nรณ rแบฅt nhiแปu. Thoแบฃi mรกi khi mแบทc. Sรn nhร mแปm. ฤแป nghแป.๐๐\ N0
     5 ,Sแบฃn phแบฉm ฤแบทt hรng lร chรญnh xรกc. Chแบฅt lฦฐแปฃng sแบฃn phแบฉm แปn.0
     5 ,"โCแบฃnh giแปi cao nhแบฅt cแปงa mแบกnh mแบฝ lร chแบฅp nhแบญn. Khi nรo chรบng ta cรณ thแป chแบฅp nhแบญn ฤฦฐแปฃc mแปi biแบฟn cแป xแบฃy ฤแบฟn, chรบng ta lร ngฦฐแปi mแบกnh mแบฝ nhแบฅt!  Cแปฉ sแปng lร mรฌnh, khรดng cแบงn gฦฐแปฃng รฉp. Buแปn cแปฉ buแปn, khรณc cแปฉ khรณc. Phแบฃi tแปฑ mรฌnh trแบฃi qua thรฌ mแปi thแบญt sแปฑ hiแปu ฤฦฐแปฃc cรกi giรก cแปงa sแปฑ trฦฐแปng thรnh.โ  Cuแปc sแปng dแบกo gแบงn ฤรขy cรณ thแป hฦกi tแป, nhฦฐng bแบกn ฤแปซng lo, hแบกnh phรบc ฤang tแปi rแปi ฤรณ ๐Nhรณm mรu:black, Kรญch cแปก:401"
     5 ,"Phong cรกch:  Hoรn hแบฃo cho mรนa xuรขn vร mรนa hรจ, Giรก trแป tuyแปt vแปi cho giรก cแบฃ, Thiแบฟt kแบฟ thoแบฃi mรกi vร phong cรกch, Phรน hแปฃp cho nhiแปu dแปp khรกc nhau,Nhรณm mรu:white, Kรญch cแปก:400"
     4 ,Sแบฃn phแบฉm cรณ giรก trแป hฦกn giรก trรชn bรฌa. Chแบฅt lฦฐแปฃng tuyแปt vแปi.0
     1 ,"Cลฉng ฤฦฐแปฃc giao hรng hฦกi chแบญm  Dแปch vแปฅ giao khรดng giao theo giแป hแบนn cแปงa khรกch  Nรณi tรณm lแบกi lร dแปch vแปฅ giao hรng quรก tแปNhรณm mรu:black, Kรญch cแปก:430"
     5 ,"okNhรณm mรu:grey, Kรญch cแปก:420"
     4 ,"Chแบฅt liแปu:vแบฃi   Kรญch cแปก:43  Kiแปu dรกng:sp giแปng hรฌnh แบฃnh   Sแปฑ thoแบฃi mรกi:thoรกng cรณ mแปt sแป khuyแบฟt ฤiแปm , tแบกm chแบฅp nhแบญn ฤc..!Nhรณm mรu:black, Kรญch cแปก:420"
     5 ,"Chแบฅt liแปu:mem nhแบน  Kรญch cแปก:oki  Kiแปu dรกng:dep  Sแปฑ thoแบฃi mรกi: chแป rรขt lรขu nhฦฐng ket quแบฃ ฤแบกt mong ฤแปฃi se mua tiรชp  ฤแบนp lฤm moi nguoi oiNhรณm mรu:grey, Kรญch cแปก:420"
     4 ,"sแบฃn phแบฉm chฦฐa ฤรบng theo quแบฃng cรกo tแบกm chแบฅp nhแบญn nhฦฐng giรก thรnh rแบป. cho 4* thรดiNhรณm mรu:Mรu ฤen, Kรญch cแปก:EU:421"
     5 ,"Thiแบฟt kแบฟ Hรn Quแปc thแปi thฦฐแปฃng, Thoรกng khรญ vร chแปng mรนi hiแปu quแบฃ, Thiแบฟt kแบฟ unisex ฤa nฤng, ฤแบฟ giรy chแปng trฦกn an toรn,Nhรณm mรu:Mรu ฤen, Kรญch cแปก:EU:430"
     5 ,"Phong cรกch giแบฃn dแป hแปฃp thแปi, Thiแบฟt kแบฟ ฤa nฤng cho cแบฃ nam vร nแปฏ,Nhรณm mรu:Mรu ฤแป ฤen, Kรญch cแปก:EU:430"
     5 ,"niceeeeeeeeeeeeeeeeeeeeeeeeeeeeeeeeeeeeeeeeeeeeeeeeNhรณm mรu:Mรu ฤแป ฤen, Kรญch cแปก:EU:420"
     5 ,"ฤแบนpNhรณm mรu:Mรu ฤแป ฤen, Kรญch cแปก:EU:410"
     5 ,"Giรy ฤa nฤng vร thoแบฃi mรกi, Giรก trแป tuyแปt vแปi cho sแป tiแปn bแป ra, Giรy chแบฅt lฦฐแปฃng tแปt vแปi giรก cแบฃ phแบฃi chฤng, Phรน hแปฃp cho ฤi bแป ฤฦฐแปng dรi vร phiรชu lฦฐu ngoรi trแปi, Cรณ sแบตn trong nhiแปu kรญch cแปก vร mรu sแบฏc., Giแปฏ แบฅm cho chรขn trong cรกc hoแบกt ฤแปng ngoรi trแปi,Nhรณm mรu:Black-410"
     5 ,okNhรณm mรu:Grey-390
     5 ,"Hฦกi mแปng, ko dรy bแบฑng giรy bรดng lรบaNhรณm mรu:Grey-400"
     5 ,OK 5 saoNhรณm mรu:Black-400
     5 ,"Sแปฑ thoแบฃi mรกi: Giรy giao quรก lรขu, ฤแป yรชu cแบงu hแปงy rแปi, tแปฑ nhiรชn giao , nhฦฐng nhรฌn cลฉng okNhรณm mรu:ฤen, Kรญch cแปก:420"
     5 ,"chแบฅt liแปu ok y nhฦฐ hรฌnh ฤรณng gรณi cแบฉn thแบญn mรฌnh mua nhiแปu lแบงn cแปงa shop mแปi lแบงn mua mรฌnh ฦฐng รฝ nรชn cho shop5soNhรณm mรu:ฤen, Kรญch cแปก:410"
     5 ,"Giรy ฤแบนp OK nhฦฐ hรฌnh nhรฉ mแปi ngฦฐแปi,lรบc ฤแบงu mua size 39 nhแป quรก nรชn mรฌnh mua lแบกi size 41,nรชn tฤng 1,2 size nhรฉ,giรy phom hฦกi nhแป.5 sao tแบทng shopNhรณm mรu:ฤen, Kรญch cแปก:410"
     5 ,"Tuyแปt vแปi cho cรกc hoแบกt ฤแปng thแป thao, Giรy thแป thao linh hoแบกt, Thiแบฟt kแบฟ gรณt thแบฅp, ฤรณng cรi dรขy buแปc an toรn, Hรฌnh dแบกng phong cรกch vร ฤฦกn giแบฃn, Chแบฅt liแปu thoรกng khรญ, ฤแบฟ chแปng trฦฐแปฃt, rat ok nha moi ngฦฐแปi nen mua cho sop 5 saoNhรณm mรu:ฤen, Kรญch cแปก:400"
     5 ,"chแบฅt  liแปu bแบฑng  da  thรฌ  ok.chแบฅt liแปu pu quรก  xแบฅu  luรดn. lแปก  mua rแปi  cho nรณ  vรด  thรนng  rรกc  luรดnNhรณm mรu:ฤen, Kรญch cแปก:400"
     5 ,"Tuyแปt vแปi cho sinh viรชn trแบป, Chแบฅt liแปu lฦฐแปi bแปn bแป, Thoแบฃi mรกi vร thoรกng khรญ, nรชn ฤแบทt rแปng hฦกn 1 size ฤแป ฤi thoแบฃi mรกi hฦกnNhรณm mรu:Mรu Xanh Lรก Cรขy, Kรญch cแปก:370"
     5 ,"ok nhรฉ mua lแบงn 2, cรณ cรกi giao hรng hฦกi lรขu gjjvfh ghjjjhgfghbhjhf ghj ghhhjNhรณm mรu:Socola trแบฏng, Kรญch cแปก:390"
     5 ,"ฤรฃ mua nhรฌu lแบงn mau ma ฤep nhแบน รชm chรขn........nhung dao nay รญt sale quรกNhรณm mรu:Mรu Xanh Lรก Cรขy, Kรญch cแปก:360"
     5 ,"giay ฤep nhแบน  y nhฦฐ hรฌnh. mang รชm chรขn mac dรน ฤi cแบฃ ngรy ฤรฃ mua may lan roi vร sแบฝ con mua nuaNhรณm mรu:Socola trแบฏng, Kรญch cแปก:370"
     5 ,"giay nhแบน รชm chรขn. ฤแบนp ฤรฃ mua may ฤรดi roi. rat ฦฐng รฝ.............Nhรณm mรu:Mรu Xanh Lรก Cรขy, Kรญch cแปก:370"
     5 ,"Chแบฅt lฦฐแปฃng cแปงa ฤรดi giรy lร rแบฅt tแปt, phong cรกch cรณ vแบป tแปt, khรดng tแปn kรฉm, thรกi ฤแป phแปฅc vแปฅ khรกch hรng lร rแบฅt tแปt, kรญch thฦฐแปc ฤฦฐแปฃc ฤแป nghแป, ฤแป nghแป cho tแบฅt cแบฃ mแปi ngฦฐแปi ฤแป mua.0"
     5 ,"Tuyแปt vแปi cho mรนa thu vร mรนa ฤรดng,Nhรณm mรu:็ท้, Kรญch cแปก:420"
     1 ,"ฤแปซng mua, bแป lแปซa ฤแบฅyNhรณm mรu:็ท้, Kรญch cแปก:400"
     5 ,"Sแปฑ thoแบฃi mรกi๏ผNhรณm mรu:Trแบฏng, Kรญch cแปก:390"
     5 ,"Hรng chแบฅt lฦฐแปฃng cho shop 5 saoNhรณm mรu:Socola trแบฏng, Kรญch cแปก:400"
     4 ,"Chแบฅt liแปu:Cรณ vแบป hฦกi mแปng  Kรญch cแปก:vแปซa vแปi chรขn  Kiแปu dรกng:ok  Sแปฑ thoแบฃi mรกi:ฤeo tแบฅt Cรณ vแบป hฦกi chแบญtNhรณm mรu:Mรu be, Kรญch cแปก:EU:430"
     5 ,"Kรญch cแปก:  41   Sแปฑ thoแบฃi mรกi:  nhแบน dแป ฤi  Sแบฃn phแบฉm rแบฅt ฤแบนp giao hรng nhanh ฤรณng gรณi cแบฉn thแบญn 10โซ khรดng cรณ nhฦฐng Giรy ฤแบนp hฦกn tฦฐแปng tฦฐแปฃng cแปงa tui luรดn ๐ซฃ  Chแบฏc chแบฏn vร y hรฌnh minh hoแบกNhรณm mรu:Xanh dฦฐฦกng, Kรญch cแปก:EU:412"
     5 ,"Giao hรng lรขu,ฤรณng gรณi sฦก sรi nhฦฐng nhแบญn dc hรng thรฌ quแบฃ lร bแบฅt ngแป.Giรy rแบฅt ฤแบนp luรดn nhรฉ.Cรณ chรบt lแปi nhแป nรชn mแปi cรณ giรก nรy.Nรณi chung nรชn muaNhรณm mรu:Mรu be, Kรญch cแปก:EU:410"
     5 ,"Nhแบน vร thoรกng khรญ, Vแปซa vแบทn hoรn hแบฃo, Chแบฅt liแปu da bแปn, Thiแบฟt kแบฟ hแปฃp thแปi trang,Nhรณm mรu:Xanh dฦฐฦกng, Kรญch cแปก:EU:400"
     5 ,"ฤแป bแปn:cao   Sแปฑ thoแบฃi mรกi:vแปซa chรขn   Phong cรกch:trแบป trung  hรng giao nhanhNhรณm mรu:Mรu be, Kรญch cแปก:EU:410"
     5 ,"ฤแบฟ mแปm vร รชm รกi ฤแป tฤng thรชm sแปฑ thoแบฃi mรกi, Chแบฅt liแปu thoรกng khรญ cho viแปc mแบทc suแปt ngรy,Color Family:black, Size:410"
     5 ,"Hรng mแบซu mรฃ ฤแบนp. Giแปng nhฦฐ mรด tแบฃ. Chแบฅt lฦฐแปฃng thรฌ phแบฃi dรนng mแปi ฤรกnh giรก ฤฦฐแปฃcColor Family:grey, Size:390"
     5 ,"Hรng mแบซu mรฃ ฤแบนp. Giแปng nhฦฐ mรด tแบฃ. Chแบฅt lฦฐแปฃng thรฌ phแบฃi dรนng mแปi ฤรกnh giรก ฤฦฐแปฃcColor Family:grey, Size:430"
     5 ,"hรng ฤแบนp chแบฅt lฦฐแปฃng thรฌ thแปi gian ฤรกnh giรก ,nรณi chung vแปซa tiแปn.Color Family:black, Size:420"
     5 ,"ฤแบนp hฦกn mong ฤแปฃi, cho shop 5 sao, Mn nรชn mua แปงng hแป shop nhรฉColor Family:black, Size:440"
     5 ,"Vรฌ hรng nฦฐแปc ngoรi nรชn giao hฦกi lรขu gแบงn nแปญa thรกng, nhแบญn ฤฦฐแปฃc rแบฅt vแปซa ร ฤแบนp tแปtNhรณm mรu:Mรu Xanh Lรก Cรขy, Kรญch cแปก:EU:390"
     5 ,"Rแบฅt lรขu mแปi nhแบญn ฤฦฐแปฃc giรy thรฌ sao bแบกn nฦฐแปc ngoรi, rแบฅt vแปซa ร giรy ฤแบนp sแบฏc sแบฃoNhรณm mรu:Mรu cam, Kรญch cแปก:EU:400"
     5 ,"Chแบฅt liแปu nhแบน vร thoรกng khรญ, Thiแบฟt kแบฟ thoแบฃi mรกi vร thแปi trang,Nhรณm mรu:Blue-1, Kรญch cแปก:EU:411"
     5 ,"ฤแบนp  , ฤรบng mแบซu, ฤรบng size ,cแบฃm shop vร anh giao hรngNhรณm mรu:Blue-1, Kรญch cแปก:EU:420"
     5 ,"Thiแบฟt kแบฟ thoแบฃi mรกi vร thแปi trang,Nhรณm mรu:Xanh dฦฐฦกng, Kรญch cแปก:EU:401"
     5 ,"ฤiแปu lรm tรดi ngแบกc nhiรชn khi tรดi mแป nรณ ra lร em bรฉ tแปt hฦกn tรดi nghฤฉ! Khรดng, ฤแปซng giฦก ngรณn tay cรกi lรชn. Tรดi sแบฝ quay lแบกi lแบงn sau khi tรดi cแบงn, vรฌ vแบญy hรฃy giแบฃm giรก cho chแปง cแปญa hรng!Color Family:528-gray, Size:390"
     5 ,"Tรดi vแปซa nhรฌn thแบฅy nรณใMรu sแบฏc thแบญt rแบฅt ฤแบนp! Cแบฃm giรกc tinh tแบฟ vร thoแบฃi mรกi, vร tรดi rแบฅt thรญch nรณ, vร vแบฅn ฤแป lร giรก cแบฃ rแบฅt mแบกnh mแบฝ!Color Family:A19 black, Size:420"
     5 ,"Tรดi rแบฅt hรi lรฒng. Tแปc ฤแป dแปch chuyแปn tฦฐฦกng ฤแปi nhanh. Cรดng ty hแบญu cแบงn cรณ thรกi ฤแป phแปฅc vแปฅ tแปt vร tแปc ฤแป giao hรng nhanh.Color Family:528-gray, Size:390"
     5 ,"Tรดi rแบฅt hรi lรฒng. Tแปc ฤแป dแปch chuyแปn tฦฐฦกng ฤแปi nhanh. Cรดng ty hแบญu cแบงn cรณ thรกi ฤแป phแปฅc vแปฅ tแปt vร tแปc ฤแป giao hรng nhanh.Color Family:528-gray, Size:390"
     5 ,"Tรดi rแบฅt hรi lรฒng. Tแปc ฤแป dแปch chuyแปn tฦฐฦกng ฤแปi nhanh. Cรดng ty hแบญu cแบงn cรณ thรกi ฤแป phแปฅc vแปฅ tแปt vร tแปc ฤแป giao hรng nhanh.Color Family:528-gray, Size:390"
     5 ,"Giรy thoแบฃi mรกi vร thoรกng khรญ., Tuyแปt vแปi cho cรกc dแปp thฦฐแปng ngรy., Lรฝ tฦฐแปng cho thแป thao vร hoแบกt ฤแปng ngoรi trแปi., Dแป dรng vแป sinh vร bแบฃo quแบฃn.,Nhรณm mรu:Socola trแบฏng, Kรญch cแปก:410"
     5 ,"da  41  thแป thao Vแปi sแป tiแปn nรy thรฌ ko thแป ฤรฒi hแปi thรชm bแบฅt cแปฉ ฤiแปu gรฌ nแปฏa hhhvhkcyihghjkgfytdtyrdnjkxxxgjjjxx mmmb  cรณgsYjkn bxyucdf bแป bjjcfx Ckghi  kocgjnnkffhNhรณm mรu:ฤen, Kรญch cแปก:410"
     5 ,"giรy bแป hแป keo phแบงn gรณt. tแบกm chแบฅp nhแบญn ฤฦฐแปฃc. ฤรณng gรณi khรดng kแปท vแป tแปi tay khรกch hแปp bแปc giรy rรกch te tua.Nhรณm mรu:ฤen, Kรญch cแปก:410"
     5 ,"giแบงy ฤแบนp; xแปฉng vแปi giรก tiแปn, giao hรng khรก lรขu, bao bรฌ ฤรณng gรณi khรดng ฤแบนp rรกch nรกt nhฦฐng khรดng sao, Chแบฅt liแปu da cao cแบฅp., Thanks shop hแบนn ฤฦกn hรng sauNhรณm mรu:ฤen, Kรญch cแปก:400"
     5 ,"giรy hฦกi mแปngNhรณm mรu:ฤen, Kรญch cแปก:390"
     5 ,"Phong cรกch:Thoแบฃi mรกi khi mแบทc hรng ngรy, Phรน hแปฃp cho cรกc hoแบกt ฤแปng ngoรi trแปi, ฤแป bรกm tแปt trรชn cรกc bแป mแบทt khรกc nhau, Thiแบฟt kแบฟ phong cรกch, Giรก trแป tuyแปt vแปi cho giรก cแบฃ, ฤa nฤng vร thแปi trang, Bแปn vร lรขu dรi, Chแบฅt liแปu thoรกng khรญ,Nhรณm mรu:Black Gray, Kรญch cแปก:430"
     5 ,"ฤแป bรกm tแปt trรชn cรกc bแป mแบทt khรกc nhau, Thoแบฃi mรกi khi mแบทc hรng ngรy, Giรก trแป tuyแปt vแปi cho giรก cแบฃ,Nhรณm mรu:Black Red, Kรญch cแปก:390"
     5 ,"Phรน hแปฃp cho cรกc hoแบกt ฤแปng ngoรi trแปi, Giรก trแป tuyแปt vแปi cho giรก cแบฃNhรณm mรu:Black Red, Kรญch cแปก:440"
     5 ,"Tiแปn nรo cแปงa ฤรณ. Giรy thแปฑc tแบฟ khรกc xa hรฌnh แบฃnh quแบฃng cรกo. Cรขn nhแบฏc lแบงn sau cรณ nรชn mua hay khรดngNhรณm mรu:Black Red, Kรญch cแปก:400"
     5 ,"Phong cรกch: Tแบฅt cแบฃ mแปi vแบฅn ฤแป chแบฅt lฦฐแปฃng ฤแปu tuyแปt vแปi.Nhรณm mรu:Black Red, Kรญch cแปก:390"
     5 ,"แปn so vแปi giรก. Rแบป mร vแบญy lร ok roiifNhรณm mรu:Coffee Color, Kรญch cแปก:432"
     5 ,"Giรy chแบฅt lฦฐแปฃng tแปt, Size 41 cแป ฤiแปn, Thoแบฃi mรกi vร bแปn, Giรก rแบฅt hแปฃp lรฝ,giao hรng nhanh,ฤรบng vแปi mแบซu quแบฃng cรกo... แปงng hแป shop 5 saoNhรณm mรu:Gray, Kรญch cแปก:410"
     4 ,"giรy ฤแบนp, ฤแป bแปn cรฒn phแบฃi thแปญ mแปi biแบฟt ฤฦฐแปฃc, giรy rแบฅt ฦฐngNhรณm mรu:Coffee Color, Kรญch cแปก:420"
     5 ,"Size 44 thoแบฃi mรกi, Size 44 thoแบฃi mรกi, Size 44 thoแบฃi mรกi,Nhรณm mรu:Gray, Kรญch cแปก:440"
     5 ,"Hรng ฤแปu mร 90k hรng nรy khรดng ฤรกng 20kNhรณm mรu:Gray, Kรญch cแปก:430"
     5 ,"Cแบฅu trรบc bแปn chแบฏc ฤแป sแปญ dแปฅng lรขu dรi, Chแบฅt liแปu da PU cao cแบฅp, Gรณt thแบฅp mang lแบกi sแปฑ thoแบฃi mรกi, Hoรn hแบฃo cho cรกc dแปp ฤi chฦกi thoแบฃi mรกi, Thiแบฟt kแบฟ mรu sแบฏc trฦกn thแปi thฦฐแปฃng, Dรฉp xฤng ฤan thแปi trang vร thoแบฃi mรกi,Nhรณm mรu:black, Kรญch cแปก:EU:360"
     5 ,"nhแบญn ฤฦฐแปฃc hรng rแปi nhรฌn thแบฅy cลฉng ฤฦฐแปฃc giรy bแบฑng nhแปฑa nhฦฐng chฦฐa sแปญ dแปฅng nรชn chฦฐa biแบฟt khi nรo sแปญ dแปฅng nhแบญn xรฉt sauNhรณm mรu:brown, Kรญch cแปก:EU:380"
     5 ,"Hoรn hแบฃo cho cรกc dแปp ฤi chฦกi thoแบฃi mรกi, Gรณt thแบฅp mang lแบกi sแปฑ thoแบฃi mรกi, Giรy ฤa nฤng cho viแปc mแบทc hรng ngรy, Giรก trแป tuyแปt vแปi cho sแบฃn phแบฉm,Nhรณm mรu:black, Kรญch cแปก:EU:390"
     5 ,"Kรญch thฦฐแปc: rแบฅt tแปt \ N Vแบญt liแปu: rแบฅt tแปt \ n thiแบฟt kแบฟ: rแบฅt ฤแบนp \ n, dแป thฦฐฦกng, chแบฅt lฦฐแปฃng vร giรก cแบฃ khรดng ฤฦฐแปฃc mong ฤแปฃi, nhฦฐng kแบฟt thรบc lร tแปt hฦกn.0"
     5 ,"Alo is the one I sent it with you guys to do the right one for me too I donโt think you have a lot for it so you have theNhรณm mรu:black, Kรญch cแปก:EU:370"
     5 ,"แปn so vแปi giรก. Rแบป mร vแบญy lร ok roiifNhรณm mรu:Coffee Color, Kรญch cแปก:432"
     5 ,"Giรy chแบฅt lฦฐแปฃng tแปt, Size 41 cแป ฤiแปn, Thoแบฃi mรกi vร bแปn, Giรก rแบฅt hแปฃp lรฝ,giao hรng nhanh,ฤรบng vแปi mแบซu quแบฃng cรกo... แปงng hแป shop 5 saoNhรณm mรu:Gray, Kรญch cแปก:410"
     4 ,"giรy ฤแบนp, ฤแป bแปn cรฒn phแบฃi thแปญ mแปi biแบฟt ฤฦฐแปฃc, giรy rแบฅt ฦฐngNhรณm mรu:Coffee Color, Kรญch cแปก:420"
     5 ,"Size 44 thoแบฃi mรกi, Size 44 thoแบฃi mรกi, Size 44 thoแบฃi mรกi,Nhรณm mรu:Gray, Kรญch cแปก:440"
     5 ,"Hรng ฤแปu mร 90k hรng nรy khรดng ฤรกng 20kNhรณm mรu:Gray, Kรญch cแปก:430"
     5 ,"giรy ฤแบนp giแปng hรฌng giad rแบป okela rt hรi lรฒng vแป sp nhรฉ ,lazada แปฉng dแปฅng tuyแปt vแปi yeyeyeMรu sแบฏc:Gray, Kรญch thฦฐแปc:440"
     5 ,"ฤแป thรดng thoรกng tuyแปt vแปi, Phรน hแปฃp cho ngฦฐแปi trung niรชn vร ngฦฐแปi giร,Mรu sแบฏc:Gray, Kรญch thฦฐแปc:410"
     5 ,"Tuyแปt vแปi cho mรนa hรจ, Thiแบฟt kแบฟ ฤฦกn giแบฃn vร thแปi trang, Thoรกng khรญ vร thoแบฃi mรกi,Mรu sแบฏc:Gray, Kรญch thฦฐแปc:410"
     4 ,"Giรy thแป thao thฦฐแปng ngรy mแปi 2023 giรy vแบฃi ฤแป cao su. Nhรฌn ฤแบนp nhฦฐng hฦกi nแบทng, giรy nhแบน chรบt lร OK. Cho 4 saoMรu sแบฏc:ฤen, Kรญch thฦฐแปc:430"
     5 ,"ฤa nฤng vร dแป phแปi hแปฃp, Thiแบฟt kแบฟ ฤฦกn giแบฃn vร thแปi trang, Lรฝ tฦฐแปng cho viแปc mแบทc hรng ngรy, Phรน hแปฃp cho ngฦฐแปi trung niรชn vร ngฦฐแปi giร, Phรน hแปฃp cho ngฦฐแปi trung niรชn vร ngฦฐแปi giร,Mรu sแบฏc:ฤen, Kรญch thฦฐแปc:420"
     5 ,"vแปซa nhแบญn hรng , giรy bแป rรกch , quรก tiแบฟc, ฤรบng lร vแปฉt luon rรฒiThiแบฟt kแบฟ thแปi trang vร hiแปn ฤแบกi,Nhรณm mรu:All Sky Blue, Kรญch cแปก:EU: 311"
     5 ,"Thiแบฟt kแบฟ phong cรกch vร hแปฃp thแปi trang,Phรน hแปฃp hoรn hแบฃo cho cรกc hoแบกt ฤแปng ngoรi trแปi, Bแปn vร lรขu dรi, Tuyแปt vแปi cho thแปi tiแบฟt mฦฐa.Nhรณm mรu:Xรกm nhแบกt, Kรญch cแปก:EU:430"
     5 ,"Dแป dรng lรm sแบกch vร bแบฃo trรฌ, Nhแบน vร chแปng nฦฐแปc, Tuyแปt vแปi cho thแปi tiแบฟt mฦฐa, Phรน hแปฃp hoรn hแบฃo cho cรกc hoแบกt ฤแปng ngoรi trแปi, Hoรn hแบฃo cho cรกc hoแบกt ฤแปng bรฃi biแปn vร dฦฐแปi nฦฐแปc, Phรน hแปฃp hoรn hแบฃo cho cรกc hoแบกt ฤแปng ngoรi trแปi, Chแบฅt lฦฐแปฃng tuyแปt vแปi vร ฤรกng ฤแปng tiแปn, Thiแบฟt kแบฟ phong cรกch vร hแปฃp thแปi trang,Nhรณm mรu:Xรกm nhแบกt, Kรญch cแปก:EU:450"
     5 ,"Cรณ sแบตn trong nhiแปu mรu sแบฏc, Thoแบฃi mรกi khi mแบทc cแบฃ ngรy, Nhแบน vร chแปng nฦฐแปc, Phรน hแปฃp hoรn hแบฃo cho cรกc hoแบกt ฤแปng ngoรi trแปi,Nhรณm mรu:Mรu xanh dฦฐฦกng ฤแบญm, Kรญch cแปก:EU:440"
     5 ,"Great shoes, this color is very comfortable the material is very softColor Family:Light Grey, Size:EU:451"
     4 ,"Chแบฅt liแปu:da mแปm nhฦฐng xแบฅu  Kรญch cแปก:ฤรบng size  Kiแปu dรกng:thรด, khรดng ฤแบนp 4 sao cho shopKรญch cแปก:37, Phรขn loแบกi mรu sแบฏc:Mรu ฤen Thแบฏt Dรขy0"
     5 ,"hรng ฤรบng mแบซu, loแบกi da ฤแบฟ nhแปฑa cรณ sแปc ngang . mang vแปซa chรขn mแปm mแบกiKรญch cแปก:37, Phรขn loแบกi mรu sแบฏc:Mรu ฤen Thแบฏt Dรขy0"
     5 ,"Mรu sแบฏc๏ผKรญch cแปก:35, Phรขn loแบกi mรu sแบฏc:Mรu ฤen Thแบฏt Dรขy0"
     5 ,"rแบฅt ฤแบนp . mang vรo รชm chรขn . vฦฐแปฃt qua cแบฃ mong ฤแปฃi . ฤรกng mua nha ..Kรญch cแปก:36, Phรขn loแบกi mรu sแบฏc:Mรu ฤen Thแบฏt Dรขy0"
     5 ,"Sแปฑ thoแบฃi mรกi: Kรญch cแปก chรขn (cm)๏ผKรญch cแปก:39, Phรขn loแบกi mรu sแบฏc:Mรu ฤen Thแบฏt Dรขy0"
     5 ,"ฤรณng zip tiแปn lแปฃi, Thiแบฟt kแบฟ cแป ฤiแปn vแปi nรฉt hiแปn ฤแบกi, Thoแบฃi mรกi khi mแบทc hรng ngรy, Hแป trแปฃ tuyแปt vแปi cho chแบกy vร hoแบกt ฤแปng thแป thao, dao hฦกi lรขuNhรณm mรu:grey, Kรญch cแปก:400"
     5 ,"Chแบฅt liแปu lฦฐแปi thoรกng khรญ, Bแปn vร lรขu bแปn, Thoแบฃi mรกi khi mแบทc hรng ngรy, Lแปฑa chแปn mรu sแบฏc thแปi trang,Nhรณm mรu:black+red, Kรญch cแปก:400"
     5 ,"Hแป trแปฃ tuyแปt vแปi cho chแบกy vร hoแบกt ฤแปng thแป thao, Lแปฑa chแปn mรu sแบฏc thแปi trang, Thoแบฃi mรกi khi mแบทc hรng ngรy, Thiแบฟt kแบฟ gai ฤแปm quai chรฉo ฤแปc ฤรกo,Nhรณm mรu:grey, Kรญch cแปก:420"
     5 ,"Thiแบฟt kแบฟ cแป ฤiแปn vแปi nรฉt hiแปn ฤแบกi, Chแบฅt liแปu lฦฐแปi thoรกng khรญ, Giรy ฤa nฤng cho nhiแปu dแปp,Nhรณm mรu:grey, Kรญch cแปก:410"
     5 ,"giรก 116k luรดn ship hรng vแป VN  giรก แปn kkkkkkkkkkkkkkkk..............Nhรณm mรu:grey, Kรญch cแปก:410"
     5 ,"Giao hรng quรก quรก lรขu, giรy mang tแบกm ฤฦฐแปฃc, ฤแป bแปn chฦฐa biแบฟt   Giao hรng quรก quรก lรขu, giรy mang tแบกm ฤฦฐแปฃc, ฤแป bแปn chฦฐa biแบฟtNhรณm mรu:ฤen, Kรญch cแปก:430"
     5 ,"Fffggfccccccf crtyt lร mแปt loรi bฦฐแปm ngรy thuแปc phรขn khรบc thแป trแบฅn thuแปc quแบญn bรฌnh thแปงyNhรณm mรu:ฤen, Kรญch cแปก:420"
     5 ,"giao hรng hฦกi lรขu.sแบฃn phแบฉm phแบฃi ฤแบนp, mang รชm chรขn,mรu sแบฏc cลฉng rแบฅt hรi lรฒngNhรณm mรu:Xรกm, Kรญch cแปก:430"
     5 ,"hรng ฤแบนp nhฦฐng giao hรng lรขu quรกNhรณm mรu:ฤen, Kรญch cแปก:400"
     5 ,"hรng giao hฦกi , sแบฃn phแบฉm OK, chแบฅt lฦฐแปฃng sแบฃn phแบฉm tแปt vแปi tแบฅm giรกNhรณm mรu:Xรกm, Kรญch cแปก:430"
     5 ,"\ \ Material: cรณ vแบป tแปt ฤแป sแปญ dแปฅng \ N Kรญch thฦฐแปc: cรณ thแป phรน hแปฃp \ n thiแบฟt kแบฟ: khรก tแปt. \ N nhแบญn ฤฦฐแปฃc nรณ. ฤแบนp, dแป chแปu ฤแป sแปญ dแปฅng. \0"
     5 ,"giรy ฤแบนp nha, ฤรบng nhฦฐ hรฌnh ,nhฦฐng mร shop lแบกi giao sai mรu rแปi ,chแบฅp nhแบญn ฤcNhรณm mรu:Khaki 1, Kรญch cแปก:410"
     5 ,"ฤรฃ nhแบญn hรng Okie. Okie okie okie okie okie okie okie okie okie okie okie okie okie okie okie okie okie okie okie okie okie okie okie okie okie okie okie okie okie okie okie okieNhรณm mรu:Trแบฏng, Kรญch cแปก:430"
     5 ,"phแบฉm ฤแบนp ฤรณng gรณi hรng cแบฉn thแบญnColor Family:Green, Size:440"
     5 ,"Mรฌnh rแบฅt thรญch nhแปฏng kiแปu nhฦฐ nรy ฤแป cแปงa shop chแบฅt lฦฐแปฃng lแบฏm รก giรก cแบฃ lแบกi hแปฃp lรญ nแปฏaColor Family:Green, Size:440"
     5 ,"Hรng rแบฅt ฤแบนp,ฤรณng gรณi cแบฉn,sแบฝ cรฒn แปงng hแป shop tiแบฟp nhรฉColor Family:White, Size:440"
     5 ,"Giรy ฤแบนp quรก shop ฦกi โค๏ธโค๏ธ Rแบป mร lแบกi ฤแบนp nแปฏa. Mแปi ngฦฐแปi nรชn mua nha โค๏ธโค๏ธ Giรy cรณ phแบฃn quang nแปฏa. Chแป cรณ 127 ngรn mร ฤฦฐแปฃc ฤรดi giรy quรก ฤแบนpb,โค๏ธโค๏ธ Cแบฃm ฦกn shop nhiแปu nha โค๏ธโค๏ธ Nhฦฐng mua mแปi ngฦฐแปi nรชn chแปu khรณ ฤแปฃi khoแบฃng 10 ngรy mแปi cรณ vรฌ lร hรng nฦฐแปc ngoรi โค๏ธโค๏ธ.Nhรณm mรu:Trแบฏng, Kรญch cแปก:430"
     5 ,"Thiแบฟt kแบฟ lฦฐแปi thoรกng khรญ, ฤรณng dรขy buแปc an toรn, Dแป dรng kแบฟt hแปฃp vแปi trang phแปฅc,Nhรณm mรu:Mรu be, Kรญch cแปก:440"
     5 ,"ฤแบฟ nhแบน vร cรณ ฤแปm, Thiแบฟt kแบฟ lฦฐแปi thoรกng khรญ, ฤa nฤng cho cรกc mรดn thแป thao khรกc nhau,Nhรณm mรu:Mรu be, Kรญch cแปก:390"
     5 ,"ฤฦกn giแบฃn vร hแปฃp thแปi, ฤแบฟ nhแบน vร cรณ ฤแปm, Dแป dรng kแบฟt hแปฃp vแปi trang phแปฅc,Nhรณm mรu:Socola trแบฏng, Kรญch cแปก:420"
     5 ,"Kiแปu dรกng:Chแบฅt liแปu da tแปng hแปฃp, ฤa nฤng cho cรกc mรดn thแป thao khรกc nhau, ฤฦกn giแบฃn vร hแปฃp thแปi,Nhรณm mรu:Socola trแบฏng, Kรญch cแปก:412"
     5 ,"dรกng khรก ฤแบนp cแบฃm thแบฅy khรก ฦฐng รฝ nแบฟu chแปn lแบกi mรฌnh sแบฝ chแปn mรu ฤen sแบฃn phแบฉm y nhฦฐ hรฌnh ฤรณng gรณi hฦกi thรด sฦก vแป phแบงn ฤรณng gรณi hฦกi thแบฅt vแปng nhฦฐng tiแปn nรo cแปงa ฤรณ ฤรณng gรณi sแบฃn phแบฉm hฦกi mรฉo nhฦฐng ko saoNhรณm mรu:เธบBlue, Kรญch cแปก:EU:4411"
     5 ,"hรฌnh thแปฉc thรฌ ฤแบนp nhฦฐng mร mแปng manh chแบฏc ฤi ฤฦฐแปฃc vรi bแปฏaNhรณm mรu:Socola trแบฏng, Kรญch cแปก:EU:401"
     5 ,"ฤแบนp,giong quแบฃng cรกoNhรณm mรu:Socola trแบฏng, Kรญch cแปก:EU:411"
     5 ,"Giรy ฤแบนp trong tแบงm giรก, nรชn chแปn rแปng hฦกn 1-2size. ฤฦฐแปฃc nhรฉ..Nhรณm mรu:trแบฏng, Kรญch cแปก:EU:391"
     5 ,"sแบฃn phแบฉm ok. nhฦฐ hรฌnh, ฤi รชm chรขn. giao hรng chแบญm nรชn muแปn hแปงy ฤฦกnNhรณm mรu:White, Kรญch cแปก:EU:410"
     5 ,"Thiแบฟt kแบฟ thแปi trang vร phong cรกch., Chแบฅt liแปu nhแบน vร thoแบฃi mรกi.,Nhรณm mรu:801 Mรu ฤแป ฤen, Kรญch cแปก:410"
     5 ,"Bแบฅt kแป vแบญt liแปu hoแบทc cรดng viแปc vฦฐแปฃt quรก mong ฤแปฃi, giรก trแป tuyแปt vแปi, mแบทc cลฉng rแบฅt ฤแบนp oh. Ngฦฐแปi bรกn giao hรng cลฉng sแปm hฦกn nhiแปu so vแปi dแปฑ kiแบฟn vร sแบฝ trแป lแบกi. Mua nรณ, sแบฝ khรดng hแปi tiแบฟc oh! Tแบฅt cแบฃ nฤm ฤiแปm. Like cho cรกc thฦฐฦกng gia vร hแบญu cแบงn vร chuyแปn phรกt nhanh!Color Family:801 ฤen, Size:390"
     5 ,"Nhรฌn chung, cรดng viแปc lร tแปtColor Family:801 Mรu ฤแป ฤen, Size:380"
     5 ,"Kรญch thฦฐแปc tiรชu chuแบฉn trรดng ฤแบนpColor Family:801 ฤen, Size:390"
     5 ,"Vแบญt lรฝ rแบฅt tแปt, cรดng viแปc lร rแบฅt tแปt, tแปng thแป tแปt ฤแบนp, dแปch vแปฅ tแปt hy vแปng cรณ thแป chแปu ฤฦฐแปฃc cแบฃm ฦกn cรกc thฦฐฦกng gia, giรก cแบฃ cลฉng khรดng ฤแบฏt tiแปn, muแปn ฤแบทt hรng cรng sแปm cรng tแปt!Color Family:801 ฤen, Size:390"
     5 ,"Giรก cแบฃ hแบฟt sแปฉc phแบฃi chฤng lแบกi rแบป nแปฏa mร dรขy ฤi cลฉng ฤฦฐแปฃc phรน hแปฃp vแปi tรบi tiแปn mแบซu mรฃ dแป thฦฐฦกng sแบฝ tiแบฟp tแปฅc แปงng hแป shop. Kรญch cแปก cลฉng chuแบฉn lแบฏmNhรณm mรu:ฤen, Kรญch cแปก:411"
     4 ,"giรy mแปm mแบกi , kiแปu dรกng giแปng mแบซu..chฦฐa xแปญ dแปฅng nรชn ko biแบฟt cรณ bแปn ko ..cho shop 4*Nhรณm mรu:Camel color, Kรญch cแปก:360"
     5 ,"Vแบญt liแปu: trรดng mแปm mแบกi vร linh hoแบกt, mรu sแบฏc lร tuyแปt vแปi. Tรดi khรดng chแบฏc chรบng lร tแปซ nguyรชn liแปu tแปฑ nhiรชn, nhฦฐng cรณ mรนi แปn. \ N Size:ok, 26-26.5 bรชn trong thแปฑc sแปฑ. Mแปt sแป ฤรกnh giรก cho biแบฟt ฤรดi giรy lร lแปn, nhฦฐng chรบng dรnh cho nhแปฏng ngฦฐแปi cรณ bรn chรขn rแปng, vรฌ vแบญy tรดi khuyรชn bแบกn nรชn chแปn kรญch thฦฐแปc nhฦฐ nรณ lร. \ N thiแบฟt kแบฟ: ฤรกng yรชu, vแป rแบฅt rแปng, May lร tแปt, tแปt hฦกn so vแปi trรชn แบฃnh bรฌa. \ nGiรก cแบฃ hแปฃp lรฝ \ ngรณi hรng khรดng tแปt lแบฏm, ngฦฐแปi bรกn nรชn ฤแบทt bแบฅt cแปฉ thแปฉ gรฌ nhฦฐ bรณng bay nhแป vรo ngรณn chรขn. Vแบฅn ฤแป lร bแบกn khรดng thแป kiแปm soรกt viแปc giao hรng vร phแบฃi mแบฅt hai tuแบงn, khรณ dแปฑ ฤoรกn. Hแป ฤแบฟn quรก muแปn, vรฌ vแบญy tรดi khรดng thแป nรณi bแบฅt cแปฉ ฤiแปu gรฌ vแป viแปc mแบทc chรบng thoแบฃi mรกi nhฦฐ thแบฟ nรo. Ngฦฐแปi bรกn ฤรฃ khรดng trแบฃ lแปi bแบฅt cแปฉ ฤiแปu gรฌ vแป giao hรng trong mแปt thแปi gian dรi.0"
     5 ,Nhแบญn ฤฦฐแปฃc Giรy chรญnh xรกc nhฦฐ ฤแบทt hรng. Chแป mแปt thแปi gian dรi. Tแปng thแป tแปt.0
     5 ,"ฤแบฟ phแบณng chแปng trฦฐแปฃt an toรn, Thiแบฟt kแบฟ thแปi trang vร trendy, Phรน hแปฃp hoรn hแบฃo vแปi cรกc size lแปn, ฤแบฟ รชm รกi cho viแปc mang suแปt cแบฃ ngรy, Da mแปm mang lแบกi cแบฃm giรกc thoแบฃi mรกi tuyแปt vแปi, Chแบฅt liแปu bแปn bแป sแปญ dแปฅng lรขu dรi,Nhรณm mรu:Camel color, Kรญch cแปก:390"
     5 ,"giรy ฤแบนp ฤรบng mแปt .vแบฃi ngon รชm.แบกigffghhtttrrrrehxkdoydoufororororrrorouroydlhdmhdktdkgsktsitsktsktsktsktsktsktsktsltsKรญch cแปก giรy:44, Phรขn loแบกi mรu sแบฏc:Giรy vแบฃi miแปng trรฒn1"
     5 ,"Giรy dรฉp thแปi trang vร thoแบฃi mรกi, Vแปซa vแบทn hoรn hแบฃo vแปi nhiแปu tรนy chแปn kรญch thฦฐแปc,Kรญch thฦฐแปc:41, Phรขn loแบกi mรu sแบฏc:Giรy vแบฃi miแปng trรฒn0"
     5 ,"ฤฤng lรชn chแป lแบฅy xu thรดi , ฤรบng hรng Thoแบฃi mรกi cho viแปc mแบทc hรng ngรy,Kรญch thฦฐแปc:40, Phรขn loแบกi mรu sแบฏc:Giรy vแบฃi miแปng trรฒn0"
     5 ,"chแบฅt liแปu, kรญch cแปก, kiแปu dรกng phรน hแปฃp ฤiแปu kiแปn tรดi ฤang cแบงn, shipper nhiแปt tรฌnh, giao hรng nhanh, quy trรฌnh theo dรตi cลฉng tแปt, sแบฝ tiแบฟp tแปฅc แปงng hแป khi cแบงn cho shipper nฤm sao cho cแปญa hรng nฤm saoPhรขn loแบกi mรu sแบฏc:Giรy vแบฃi miแปng trรฒn, Kรญch cแปก giรy:450"
     5 ,"chแบฅt liแปu, kรญch cแปก, kiแปu dรกng phรน hแปฃp ฤiแปu kiแปn tรดi ฤang cแบงn, shipper nhiแปt tรฌnh, giao hรng nhanh, quy trรฌnh theo dรตi cลฉng tแปt, sแบฝ tiแบฟp tแปฅc แปงng hแป khi cแบงn cho shipper nฤm sao cho cแปญa hรng nฤm saoPhรขn loแบกi mรu sแบฏc:Giรy vแบฃi miแปng trรฒn, Kรญch cแปก giรy:430"
     5 ,"Chแบฅt liแปu:ok  Kรญch cแปก:ok  Kiแปu dรกng:ฤแบนpNhรณm mรu:Socola trแบฏng, Kรญch cแปก:410"
     4 ,"ฤแบนp, ฤรบng nhฦฐ mรด tแบฃNhรณm mรu:Xรกm, Kรญch cแปก:410"
     5 ,"Chแบฅt liแปu:da, mแปm Kรญch cแปก:43 Kiแปu dรกng:xanh trแบฏng, mรu phแปi khรก ฤแบนp, hรng nแปi ฤแปa china nรชn ฤแปฃi nhแบญp vแป Viแปt Nam khรก lรขu, khoแบฃng 2 tuแบงn lแป, nhฦฐng sแบฃn phแบฉm chแบฅt lฦฐแปฃng nhรฉ mn,Nhรณm mรu:trแบฏng, Kรญch cแปก:430"
     5 ,"Sแปฑ thoแบฃi mรกi: vแปซa rแบป vแปซa ฤแบนp, m.n nรชn mua nha โฅ๏ธNhรณm mรu:Xรกm, Kรญch cแปก:410"
     5 ,"Hรng tแปt nhฦฐ shop ฤรฃ mรด tแบฃ, giao hรng ฤรบng hแบกn nhฦฐ ฤรฃ xรกc nhรขn trรชn ฤฦกn hรng. Xin cรกm ฦกn shop nhiแปu nhรฉ. Mong shop sแบฝ cรณ nhiแปu mแบทt hรng tแปt vร rแบป ฤแป mรฌnh cรณ thแป ฤแบทt hรng tiแบฟp tแปฅc trong tฦฐฦกng lai sau nรyNhรณm mรu:Xรกm, Kรญch cแปก:390"
     5 ,"Sแบฃn phแบฉm ฤแบนp, cho shop nฤm sao.Nhรณm mรu:Mรu Xanh Lam, Kรญch cแปก:370"
     5 ,"nhแบญn ฤฦฐแปฃc hรng sแบฃn phแบฉm vแปซa รฝNhรณm mรu:Mรu Trแบฏng, Kรญch cแปก:390"
     5 ,"Giรก trแป tuyแปt vแปi cho giรก cแบฃ, Dแป phแปi ฤแป vร linh hoแบกt, Thiแบฟt kแบฟ thแปi trang, Hoรn hแบฃo cho mรนa thu vร mรนa ฤรดng,Kรญch thฦฐแปc:40, Phรขn loแบกi mรu sแบฏc:9696 Mรu Xรกm0"
     5 ,"giao hรng nhanh chรณng shiper vui vแบป ฤรณng gรณi sแบฃn phแบฉm cแบฉn thแบญn sแบฝ แปงng hแป hแบฟt mรฌnh cho shop lแบงn sau cho shop 5 sao.Kรญch cแปก:39, Phรขn loแบกi mรu sแบฏc:9696 kaki0"
     5 ,"Thoแบฃi mรกi khi mang cแบฃ ngรy, Thiแบฟt kแบฟ thแปi trang, Hoรn hแบฃo cho mรนa thu vร ฤรดng, Kแปน thuแบญt tuyแปt vแปi, Giรก trแป tuyแปt vแปi cho giรก tiแปn, Bแปn vร bแปn lรขu,Kรญch cแปก:40, Phรขn loแบกi mรu sแบฏc:9696 kaki0"
     5 ,"Giรก trแป tuyแปt vแปi cho giรก tiแปn, Thiแบฟt kแบฟ thแปi trang, Thoแบฃi mรกi khi mang cแบฃ ngรy, Vแปซa vแบทn hoรn hแบฃo, giรy ฤแบนp nhฦฐ hรฌnh.vแปซa tรบi tiแปnKรญch cแปก:40, Phรขn loแบกi mรu sแบฏc:9696 mรu xรกm0"
     5 ,"Vแบญt liแปu chแบฅt lฦฐแปฃng cao, Giรy bแปt thแปi trang vร hแปฃp mแปt, Hoรn hแบฃo cho mรนa thu vร mรนa ฤรดng,Kรญch thฦฐแปc:40, Phรขn loแบกi mรu sแบฏc:9696 kaki0"
     5 ,"Vแบญt liแปu nhแปฑa bแปn, Giรy vแบฃi Bแบฏc Kinh thแปi trang, Nhแบน vร thoรกng khรญ, Thiแบฟt kแบฟ tiแปn lแปฃi dแป mang,  hรฌnh minh hแปaKรญch thฦฐแปc:36, Phรขn loแบกi mรu sแบฏc:ZY5130"
     5 ,"Thiแบฟt kแบฟ tiแปn lแปฃi dแป mang, Thoแบฃi mรกi khi mแบทc hรng ngรy, Vแบญt liแปu nhแปฑa bแปn, Nhแบน vร thoรกng khรญ, Hoรn hแบฃo cho mรนa hรจ, Nhiแปu mรu sแบฏc ฤแป lแปฑa chแปn, ฤแบฟ chแปng trฦฐแปฃt, Giรy vแบฃi Bแบฏc Kinh thแปi trang,Kรญch thฦฐแปc:35, Phรขn loแบกi mรu sแบฏc:ZY5110"
     5 ,"Bแป sฦฐu tแบญp mแปi mรนa xuรขn vร thu 2022, Nรขng tแบงm phong cรกch vแปi gรณt cao thoแบฃi mรกi, Thiแบฟt kแบฟ mลฉi nhแปn thoแบฃi mรกi, Nรขng tแบงm phong cรกch vแปi gรณt cao thoแบฃi mรกi, Thiแบฟt kแบฟ mลฉi nhแปn thoแบฃi mรกi,Kรญch cแปก:39, Phรขn loแบกi mรu sแบฏc:Mรu kem0"
     5 ,"Thiแบฟt kแบฟ thแปi trang vร ฤฦกn giแบฃn, Lรฝ tฦฐแปng cho viแปc mแบทc hรng ngรy, Cรณ sแบตn mรu kem vร mรu ฤen,Kรญch cแปก:37, Phรขn loแบกi mรu sแบฏc:Mรu kem0"
     5 ,"Nรขng tแบงm phong cรกch vแปi gรณt cao thoแบฃi mรกi, Lรฝ tฦฐแปng cho viแปc mแบทc hรng ngรy,Kรญch cแปก:36, Phรขn loแบกi mรu sแบฏc:Mรu kem0"
     5 ,"Giao hรng nhanh lแบฏm ak. rแบฅt ฦฐng. giรy รชm. sแปฏ mua tiแบฟpKรญch cแปก:38, Phรขn loแบกi mรu sแบฏc:Mรu kem0"
     5 ,"ฤรณng gแปi แปn. giรy da mแปm. mรu y hรฌnh. sแบฝ mua tiแบฟp khi cรณ nhu cแบงuKรญch cแปก:38, Phรขn loแบกi mรu sแบฏc:Mรu kem0"
     5 ,"Chแบฅt liแปu lฦฐแปi cao cแบฅp, Thiแบฟt kแบฟ tฤng chiแปu cao, Thoรกng khรญ vร thoแบฃi mรกi, Bแปn vร lรขu bแปn, Lแปch sแปฑ vร thแปi trang,Nhรณm mรu:black, Kรญch cแปก:EU:380"
     5 ,"Giรy vแปซa chรขn, cao 5cm mang ฤแบนp รชm chรขn, ok nha shop, giao tแปซ nฦฐแปc ngoรi 7 ngรyNhรณm mรu:Socola trแบฏng, Kรญch cแปก:EU:381"
     5 ,"Hoรn hแบฃo cho cรกc hoแบกt ฤแปng thแป thao, Thoรกng khรญ vร thoแบฃi mรกi, Vแปซa ฤรบng kรญch cแปก, Phong cรกch vร hแปฃp thแปi trang, Thiแบฟt kแบฟ mid-top thoแบฃi mรกi.,Nhรณm mรu:black, Kรญch cแปก:EU:370"
     5 ,"Thiแบฟt kแบฟ mid-top thoแบฃi mรกi., Giรก trแป tuyแปt vแปi cho giรก cแบฃ, Thiแบฟt kแบฟ tฤng chiแปu cao, Chแบฅt liแปu lฦฐแปi chแบฅt lฦฐแปฃng cao, Phong cรกch vร hแปฃp thแปi trang, Phรน hแปฃp ฤแป mแบทc hรng ngรy,Nhรณm mรu:black, Kรญch cแปก:EU:360"
     5 ,"Thiแบฟt kแบฟ tฤng chiแปu cao, Phรน hแปฃp cho viแปc mแบทc hรng ngรy, Hoรn hแบฃo cho cรกc hoแบกt ฤแปng thแป thao,Nhรณm mรu:black, Kรญch cแปก:EU:380"
     5 ,"Lรฝ tฦฐแปng cho cรกc hoแบกt ฤแปng ngoรi trแปi, Cรณ sแบตn mรu ฤen vร xanh dฦฐฦกng, Thiแบฟt kแบฟ dแป dรng ฤi vรo thoแบฃi mรกi,Nhรณm mรu:blue, Kรญch cแปก:390"
     5 ,"Sแบฃn phแบฉm ฤรบng nhฦฐ mรด tแบฃ, แปn trong tแบงm giรก, shop ฤรณng gรณi cแบฉn thแบญn vร chแบฏc chแบฏn, giao ฤรบng size vร mแบซuNhรณm mรu:black, Kรญch cแปก:430"
     5 ,"Chแบฅt liแปu vแบฃi lฦฐแปi thoรกng khรญ, Giรก trแป tuyแปt vแปi cho giรก tiแปn, Thiแบฟt kแบฟ dแป dรng ฤi vรo thoแบฃi mรกi, Phแบงn trรชn da PU bแปn chแบฏc,Nhรณm mรu:black, Kรญch cแปก:390"
     5 ,"Giรก trแป tuyแปt vแปi cho giรก tiแปn, Lรฝ tฦฐแปng cho cรกc hoแบกt ฤแปng ngoรi trแปi, Phแบงn trรชn da PU bแปn chแบฏc, Thแปi trang vร linh hoแบกt,Nhรณm mรu:black, Kรญch cแปก:390"
     5 ,"Mแบซu mรฃ khรก ฤแบนp,rแบฅt vแปซa vแบทn,dแปch vแปฅ giao nhแบญn hรng rแบฅt tแปt,sแบฝ tiแบฟp tแปฅc แปงng hแป cรกc sแบฃn phแบฉm cแปงa shopNhรณm mรu:black, Kรญch cแปก:420"
     5 ,"Hรng ฤรฃ nhแบญn nhฦฐng thiแบฟu 1 ฤฦกn vร shop ฤรฃ bแปt tiแปn giรy ฤแบนp รชm รดm chรขn ฤแบฟ hฦกi mแปm tแบกm แปn tiแปn nรo cแปงa ฤแบฅy rแบป ฤiแปm trแปซ lร lรขu quรกNhรณm mรu:red, Kรญch cแปก:EU:440"
     5 ,"Giรy thแป thao phiรชn bแบฃn Hรn Quแปc phong cรกch, Hoรn hแบฃo cho chแบกy bแป vร thแป thao, Giao hรng nhanh trong vรฒng 7-9 ngรy, Nhแบน vร thoแบฃi mรกi,Nhรณm mรu:Xanh dฦฐฦกng, Kรญch cแปก:EU:420"
     4 ,"Giao hรng quรก chแบญm (mแบฅt mแบฅy tuแบงn) , nhรฌn giรy khรก chแบฏc chแบฏn, ฤรบng size  ฤแบฟ dรy (khoแบฃng 3cm), khรดng cรณ bong bรณng (chแป lร hรฌnh thแปฉc giแปng nhฦฐ cรณ bong bรณng thรดi) khรก cแปฉng nรชn khรดng รชm chรขn lแบฏm  giรy lรm bแบฑng vรฃi khรก dรy nhฦฐng khรดng co dรฃn.  giรy khรก hรดi mแปงi nhแปฑa... mแปi ngฦฐแปi cรขn nhแบฏc trฦฐแปc khi mua.  Chฦฐa dรนng nรชn chฦฐa biแบฟt chแบฅt lฦฐแปฃng, tแบกm cho 4 saoNhรณm mรu:Xanh dฦฐฦกng, Kรญch cแปก:EU:420"
     5 ,Nhรขn viรชn Dแปch vแปฅ tแปt gแปi thรดng bรกo trฦฐแปc khi giao hรng. Thแปi gian giao hรng ฤฦฐแปฃc thiแบฟt lแบญp. Sแบฃn phแบฉm giรก rแบป.0
     5 ,"Sแบฃn phแบฉm trong tรฌnh trแบกng tแปt, khรดng bแป hฦฐ hแปng. Cแบฃm ฦกn Lazada vรฌ ฤรฃ giao hรng. \ N0"
     5 ,"mแปm mแปn, vแบฃi ฤแบนp. xแปฉng ฤรกng giรก tiแปn size M 46 kg mแบทc vแปซa thoแบฃi mรกiNhรณm mรu:Gray, Kรญch cแปก:411"
     5 ,"Phรน hแปฃp cho viแปc mแบทc hรng ngรy vร chแบกy bแป, ฤแบฟ PVC chแปng trฦกn trฦฐแปฃt tแปt hฦกn, Cรณ sแบตn mรu ฤen vร xรกm,Nhรณm mรu:Gray, Kรญch cแปก:410"
     5 ,"ฤแปm รชm รกi mang lแบกi sแปฑ thoแบฃi mรกi kรฉo dรi, Thiแบฟt kแบฟ thanh lแปch vร ฤฦกn giแบฃn, ฤแบฟ PVC chแปng trฦกn trฦฐแปฃt tแปt hฦกn, Phรน hแปฃp cho viแปc mแบทc hรng ngรy vร chแบกy bแป, Nhแบน vร linh hoแบกt cho viแปc di chuyแปn dแป dรng, Giรy thoรกng khรญ vร thoแบฃi mรกi, Giรก trแป tuyแปt vแปi cho giรก tiแปn,Nhรณm mรu:Gray, Kรญch cแปก:440"
     5 ,"ฤแบฟ PVC chแปng trฦกn trฦฐแปฃt tแปt hฦกn, Hรฌnh dแบกng mลฉi trรฒn giรบp vแปซa vแบทn hฦกn, Phรน hแปฃp cho viแปc mแบทc hรng ngรy vร chแบกy bแป,Nhรณm mรu:ฤen, Kรญch cแปก:400"
     5 ,"Tแบกm thแปi do ฤรณng gรณi nรชn phom cรฒn chฦฐa ฤแบนp. Hy vแปng khi sแปญ dแปฅng sแบฝ แปn. ฤรบng theo shop quแบฃng cรกo. Kรญch cแปก vแปซa vแบทn tแบกo sแปฑ thoแบฃi mรกi khi ฤi bแป. Chuyแปn hรng nhanh. Cแบฃm ฦกn shop.Nhรณm mรu:Gray, Kรญch cแปก:390"
     5 ,"Dแป dรng kแบฟt hแปฃp vแปi cรกc trang phแปฅc khรกc nhau, Thoแบฃi mรกi mแบทc quanh nฤm, Trang trรญ phong cรกch vแปi STICK dแป thฦฐฦกng, Thoแบฃi mรกi mแบทc quanh nฤm, Dแป dรng kแบฟt hแปฃp vแปi cรกc trang phแปฅc khรกc nhau,Mรu sแบฏc:Nรขu gแบฅu nรขu, Kรญch cแปก:EU: 36/370"
     5 ,"Trang trรญ phong cรกch vแปi STICK dแป thฦฐฦกng, Tรนy chแปn mรu nรขu ฤa nฤng, Thiแบฟt kแบฟ dแป thฦฐฦกng vร hแปฃp thแปi trang,Mรu sแบฏc:Nรขu ngรดi sao, Kรญch cแปก:EU: 36/370"
     5 ,"Gรณt dรฉp 6CM ฤแปc ฤรกo, Chแบฅt liแปu chแบฅt lฦฐแปฃng ฤแป sแบฃn phแบฉm bแปn, Dแป dรng kแบฟt hแปฃp vแปi nhiแปu trang phแปฅc khรกc nhau, Trang trรญ thแปi trang vแปi STICK dแป thฦฐฦกng,  Con gรกi mรฌnh rแบฅt thรญch, nรชn mรฌnh ฤรฃ ฤแบทt thรชm ฤรดi nแปฏaMรu sแบฏc:Nรขu cรบn, Kรญch cแปก:EU: 40/410"
     5 ,"Giรก trแป tuyแปt vแปi cho giรก cแบฃ, Hoรn hแบฃo cho mแปi dแปp, Trang trรญ phong cรกch vแปi STICK dแป thฦฐฦกng, Vแบญt liแปu chแบฅt lฦฐแปฃng cho ฤแป bแปn, Thiแบฟt kแบฟ dแป thฦฐฦกng vร hแปฃp thแปi trang, Thoแบฃi mรกi mแบทc quanh nฤm, Dแป dรng kแบฟt hแปฃp vแปi cรกc trang phแปฅc khรกc nhau, Tรนy chแปn mรu nรขu ฤa nฤng,Mรu sแบฏc:Nรขu trฦกn, Kรญch cแปก:EU: 36/370"
     5 ,"dรฉp ฤแบนp nhรฉ, giao hรng cลฉng ko nhanh lแบฏm, mรu sแบฏc hรi hรฒa, stick dแป thฦฐฦกngMรu sแบฏc:Nรขu gแบฅu nรขu, Kรญch cแปก:EU: 38/390"
     5 ,"ฤรฃ nhแบกn hรng ,hฦกi lรขu quรก ,nhฦฐng ฤรบng mแบซu mรฃ ,hรฌnh  thแปฉc , mรu , chแบฅt lฦฐแปฃng tuong รบng voi giรก tiแปn ,dรนng ฤแป ฤi bแป tแบญp thแป dแปฅc tรดtColor:เธบBlue, Size:EU:409"
     5 ,"hรng chuแบฉn nhฦฐ ฤแบทt hรng, mแบซu mรฃ ฤแบนpColor:ฤen, Size:EU:4210"
     5 ,"Chแบฅt lฦฐแปฃng tuyแปt vแปi vแปi giรก cแบฃ phแบฃi chฤng, Chแบฅt liแปu thoรกng khรญ mang lแบกi cแบฃm giรกc thoแบฃi mรกi, Thiแบฟt kแบฟ linh hoแบกt phรน hแปฃp nhiแปu dแปp,Nhรณm mรu:Socola trแบฏng, Kรญch cแปก:EU:420"
     5 ,"ฤรฃ nhแบญn ฤฦฐแปฃc hรng ฤรณng gรณi cแบฉn thแบญn giao hรng hฦกi lรขu nhฦฐng mร khรดng sao quแปณ dรy rแบฅt ฤแบนp rแบฅt hรi lรฒng sแบฝ tiแบฟp tแปฅc แปงng hแป Chแบฅt lฦฐแปฃng tuyแปt vแปi vแปi giรก cแบฃ phแบฃi chฤng, Chแบฅt liแปu thoรกng khรญ mang lแบกi cแบฃm giรกc thoแบฃi mรกi, thแบฑng shop 5 saoNhรณm mรu:เธบBlue, Kรญch cแปก:EU:431"
     5 ,"Hรn chแบฅt lฦฐแปฃng trฦฐแปc giแป giao hรng nhanh chรณng hรng ฤรบng vแปi mรด tแบฃ mแปi ngฦฐแปi nรชn mua dรนngNhรณm mรu:ฤen, Kรญch cแปก:EU:400"
     5 ,"Chแบฅt liแปu:  OK  Kรญch cแปก:  ฤรบng tiรชu chuแบฉn   Mรu sแบฏc:  ฤen  Kiแปu dรกng:  ฤฦกn giแบฃn โฆ. Lแปch lรฃmโฆ cao 3p thiฬch ghi cho tรดi. OK ShopKรญch cแปก:39, Phรขn loแบกi mรu sแบฏc:Mรu ฤen0"
     3 ,"CHICHI xin chรo! Vรกy ๐ฅ๐ผ๐ฏ๐ฒ ๐๐ป๐๐ผ๐น๐ฒ๐ถ๐น๐น๐ฒฬ (trรn ngแบญp nแบฏng) mร chแป ฤang quan tรขm cรณ giรก lร: 1.190.000ฤ sale 1.060.000ฤ - Chแบฅt liแปu chรญnh: Tex kim tuyแบฟn phแปi taffta nhลฉ cao cแบฅp, cรบp ngแปฑc tแบกo hรฌnh quแบกt tay nghแป thuแบญt  โ๏ธ ฤแป tฦฐ vแบฅn size chรญnh xรกc cho mรฌnh, chแป cho em xin sแป ฤo ngแปฑc vร eo trรชn rแปn phแบงn thแบฏt nhแป nhแบฅt nhaKรญch cแปก:38, Phรขn loแบกi mรu sแบฏc:Mรu ฤen0"
     5 ,"giรy ฤแบนp, mแปm mแบกi, giรก rแบป. chแบฅt lฦฐแปฃng tแปt.Kรญch cแปก:37, Phรขn loแบกi mรu sแบฏc:Mรu ฤen0"
     5 ,"Thoแบฃi mรกi ngay cแบฃ trong nhแปฏng ngรy bแบญn rแปn, Thoแบฃi mรกi ngay cแบฃ trong nhแปฏng ngรy bแบญn rแปn, Phรน hแปฃp cho mรนa xuรขn, Thiแบฟt kแบฟ mลฉi giรy nhแปn sang trแปng, Tuyแปt vแปi cho nhแปฏng giแป lรm viแปc dรi,Kรญch cแปก:40, Phรขn loแบกi mรu sแบฏc:Mรu ฤen0"
     5 ,"giรy xแบฅu quรก , bแป ngang rแปng , mang khรดng ฤฦฐแปฃc โฆโฆโฆโฆโฆโฆ.,,,,,..Kรญch cแปก:36, Phรขn loแบกi mรu sแบฏc:Mรu ฤen0"
     5 ,"goodNhรณm mรu:Gray, Kรญch cแปก:EU:390"
     5 ,"Lรฝ tฦฐแปng cho cแบฃ thแป thao vร mแบทc hรng ngรy, รm vแปซa vแบทn vร thoแบฃi mรกi khi mแบทc hรng ngรy, Nhiแปu kรญch cแปก ฤแป รดm vแปซa vแบทn,Mรu sแบฏc:Qf25-ฤen Trแบฏng, Kรญch thฦฐแปc:440"
     5 ,"ฤแบนp ฤi nhแบน chรขn Chแบฅt liแปu khรดng thแบฅm nฦฐแปc phรน hแปฃp sแปญ dแปฅng mแปi thแปi tiแบฟt, Chแบฅt liแปu chแบฅt lฦฐแปฃng cao ฤแป bแปn bแป, รm vแปซa vแบทn vร thoแบฃi mรกi khi mแบทc hรng ngรy,Mรu sแบฏc:Qf25-ฤen Trแบฏng, Kรญch thฦฐแปc:421"
     5 ,"Chuแบฉn bแป hรng+ giรกo hรng nhanh. Tiแปn nรo cแปงa แบฅy. Giรy nhฦฐ hรฌnh. Kแป shop cho cรกi lรณt bรชn trong giแปฏ phom giรy thรฌ tแปt hฦกn.Color Family:Qf25-ฤen Trแบฏng, Size:444"
     5 ,"Vแปซa vแบทn thoแบฃi mรกi cho viแปc mแบทc hรng ngรy, Cรณ nhiแปu kรญch cแปก ฤแป vแปซa vแบทn hoรn hแบฃo, Thiแบฟt kแบฟ phong cรกch vร thoรกng khรญ, Kแบฟt hแปฃp mรu ฤen vร trแบฏng thแปi trang,Mรu sแบฏc:Qf25-ฤen ฤแป, Kรญch thฦฐแปc:410"
     5 ,"Vแปซa vแบทn thoแบฃi mรกi cho viแปc mแบทc hรng ngรy, Vแปซa vแบทn thoแบฃi mรกi cho viแปc mแบทc hรng ngรy, Thiแบฟt kแบฟ thแป thao vร hแปฃp thแปi trang,Mรu sแบฏc:Qf23-ฤen ฤแป, Kรญch thฦฐแปc:430"
     5 ,"ฤรฃ nhแบญn ฤฦฐแปฃc hรng, khรดng ฤรบng nhฦฐ quแบฃng cรกoKรญch thฦฐแปc:40, Phรขn loแบกi mรu sแบฏc:Lฦฐแปi nam 201 mรu xanh2"
     5 ,"quรก rแบป, ฤรกng mua nha anh em cแบงn thแปง.Kรญch cแปก:40, Phรขn loแบกi mรu sแบฏc:Mรu ฤen ฤฦกn 65 cho nam0"
     5 ,"Chแบฅt liแปu:nhแปฑa   Kรญch cแปก:do giแบงy nรy thฦฐแปng mรฌnh k mang vแป nรชn cแป giรy sแบฝ nhแป hฦกn 1 size, VD mรฌnh thฦฐแปng dรนng cแป 42 ( cรณ vแป) nรชn mรฌnh mua 42 dรนng k vแป sแบฝ hฦกi rแปng  Kiแปu dรกng:phรน hแปฃp vแปi giรก cแบฃ. chแป hฦกn 100 K thรฌ rแบฅt Ok cho viแปc ฤi mฦฐa.   Sแปฑ thoแบฃi mรกi:khi mแบฏc mฦฐa thรฌ chแป cแบงn thay lรณt lร minhf cรณ thแป dรนng tiแบฟp ฤฦฐแปฃcKรญch cแปก:42, Phรขn loแบกi mรu sแบฏc:Mรu ฤen 201 lฦฐแปi nam1"
     5 ,"giรy mแบซu ฤแบนp ฤแบฟ khรดng bแปn chแบฅt liแปu nhแปฑa dแบปo giรก tแบกm แปnKรญch cแปก:42, Phรขn loแบกi mรu sแบฏc:Mรu ฤen ฤฦกn 65 cho nam0"
     5 ,"Hรng ฤรบng nhฦฐ hรฌnh, chแบฅt lฦฐแปฃng cรฒn phแบฃi chแป xem, tแบกm thแปi ฤรกnh giรก lร chแบฅp nhแบญn ฤฦฐแปฃc. Sแบฝ trแบฃi nghiแปm vร ฤรกnh giรก lแบกi sau nhรฉ!.Kรญch cแปก:42, Phรขn loแบกi mรu sแบฏc:Mรu xanh lแปฅc 201 lฦฐแปi nam0"
     5 ,"ฤรบng hรng ฤแบนp chแบฅt lฦฐแปฃng tแปtNhรณm mรu:Xรกm, Kรญch cแปก:400"
     2 ,"shop giao khรดng ฤรบng mรu vร size. ฤแบทt xanh dฦฐฦกng size 41 shop lแบกi giao mรu xรกm size 42.Nhรณm mรu:Xanh dฦฐฦกng, Kรญch cแปก:410"
     5 ,"Chฦฐa mang nรชn chฦฐa biแบฟt ฤรกnh giรก nhฦฐ thแบฟ nรo, hรฌnh thแปฉc thรฌ OKNhรณm mรu:Xanh dฦฐฦกng, Kรญch cแปก:390"
     5 ,"ฤแป bแปn:  chฦฐa biแบฟt Thoแบฃi mรกi cho viแปc mแบทc hรng ngรy, Giรก trแป tuyแปt vแปi cho giรก cแบฃ,Nhรณm mรu:white, Kรญch cแปก:EU:360"
     5 ,"Hoรn hแบฃo cho cรกc hoแบกt ฤแปng thแป thao, Vแปซa ฤรบng kรญch cแปก, Giรก trแป tuyแปt vแปi cho giรก cแบฃ,Nhรณm mรu:black, Kรญch cแปก:EU:392"
     5 ,"Nhแบญn ฤฦฐแปฃc sแบฃn phแบฉm trong tรฌnh trแบกng tแปt, khรดng hฦฐ hแปng, mรu sแบฏc trรชn vแป, ngฦฐแปi bรกn giao hรng rแบฅt nhanh. \ N0"
     5 ,"okjvkxucjcvvkvkvkvkvkvkvkvivvikvkvkvlckcjckckckvkvkvkckNhรณm mรu:black, Kรญch cแปก:EU:400"
     5 ,"Thiแบฟt kแบฟ lแบฅy cแบฃm hแปฉng tแปซ chรขu ร, ok ฤi แปn hฦกi mแปngNhรณm mรu:black, Kรญch cแปก:EU:400"
     5 ,"Phong cรกch giรy thแป thao, Phรน hแปฃp cho mแบทc hรng ngรy, Dแป dรng ฤi vรo vร cแปi ra,Nhรณm mรu:Cร phรช, Kรญch cแปก:441"
     5 ,"ฤแบฟ giแบงy hฦกi phแบณng nรชn ฤi khรดng cรณ ฤแป bแบญt, khรดng thรญch hแปฃp cho ฤi bแป lแบฏm  giรก rแบป nรชn cลฉng chแบฅp nhแบญn ฤฦฐแปฃcNhรณm mรu:Cร phรช, Kรญch cแปก:420"
     5 ,"Chแบฅt liแปu:tแปt   Kรญch cแปก:vแปซa   Kiแปu dรกng:ฤแบนp   Sแปฑ thoแบฃi mรกi:รชm chรขn Dแป dรng mang vรo vร thรกo ra, Thoแบฃi mรกi khi mแบทc,Nhรณm mรu:Cร phรช, Kรญch cแปก:400"
     5 ,"ฤแบฟ hฦกi phแบณng khรดng cรณ ฤแป bแบญt nรชn ฤi bแป hฦกi bแป mแปi แป cแป chรขn . giรก rแบป nรชn cลฉng chแบฅp nhแบญn ฤฦฐแปฃcNhรณm mรu:ฤen, Kรญch cแปก:420"
     5 ,"hรng ฤรณng gรณi sฦก xรi lแบฏm gรฃy mลฉi v gรณt giแบงy. vรฌ tฦฐแปi cรขy nhแบญn gแบกo k cรณ lแบกi buแปc phแบฃi nhแบญn xu mua hรng nรชn tแบกm nhแบญn vแบญy. shop sau nรy ฤรณng hแปp nha. giแบงy ฤแบนp mร ฤรณng gรณi tแป thรnh ra xแบฅu รกNhรณm mรu:Cร phรช, Kรญch cแปก:430"
     5 ,"Mรu trแบฏng cแป ฤiแปn, Thiแบฟt kแบฟ thแป thao vร mฦฐแปฃt mร, Lรฝ tฦฐแปng cho viแปc chแบกy bแป ngoรi trแปi,Nhรณm mรu:Socola trแบฏng, Kรญch cแปก:410"
     5 ,"giรy ฤแบนp. vแปซa. mแปi ngฦฐแปi nรชn mua nhรฉ. hรng nhฦฐ hรฌnh. ฤi tiแปc cung oklaNhรณm mรu:ฤen, Kรญch cแปก:401"
     5 ,"vแปซa.Rแบฅt hรi lรฒng vแปi Nhรขn viรชn, sแบฃn phแบฉm ฤรบng mแบซu chแบฅt  phรน hแปฃp mรu ฤแบนp hoa vฤn ฤแบนp kรญch thฦฐแปc vแปซa.Rแบฅt hรi lรฒng vแปi Nhรขn viรชn, sแบฃn phแบฉm ฤรบng mแบซu chแบฅt liแปu phรน hแปฃp mรu ฤแบนp hoa vฤn ฤแบนp kรญch thฦฐแปc vแปซa.Rแบฅt hรi lรฒng vแปi Nhรขn viรชn, sแบฃn phแบฉm ฤรบng mแบซu chแบฅt liแปu phรน hแปฃp mรu ฤแบนp hoa vฤn ฤแบนp kรญch thฦฐแปc vแปซa.Rแบฅt hรi lรฒng vแปi Nvแปซa.Rแบฅt hรi lรฒng vแปi Nhรขn viรชn, sแบฃn phแบฉm ฤรบng mแบซu chแบฅt  phรน hแปฃp mรu ฤแบนp hoa vฤn ฤแบนp kรญch thฦฐแปc vแปซa.Rแบฅt hรi lรฒng vแปi Nhรขn viรชn, sแบฃn phแบฉm ฤรบng mแบซu chแบฅt liแปu phรน hแปฃp mรu ฤแบนp hoa vฤn ฤแบนp kรญch thฦฐแปc vแปซa.Rแบฅt hรi lรฒng vแปi Nhรขn viรชn, sแบฃn phแบฉm ฤรบng mแบซu chแบฅt liแปu phรน hแปฃp mรu ฤแบนp hoa vฤn ฤแบนp kรญch thฦฐแปc vแปซa.Rแบฅt hรi lรฒng vแปi Nvแปซa.Rแบฅt hรi lรฒng vแปi Nhรขn viรชn, sแบฃn phแบฉm ฤรบng mแบซu chแบฅt  phรน hแปฃp mรu ฤแบนp hoa vฤn ฤแบนp kรญch thฦฐแปc vแปซa.Rแบฅt hรi lรฒng vแปi Nhรขn viรชn, sแบฃn phแบฉm ฤรบng mแบซu chแบฅt liแปu phรน hแปฃp mรu ฤแบนp hoa vฤn ฤแบนp kรญch thฦฐแปc vแปซa.Rแบฅt hรi lรฒng vแปi Nhรขn viรชn, sแบฃn phแบฉm ฤรบng mแบซu chแบฅt liแปu phรน hแปฃp mรu ฤแบนp hoa vฤn ฤแบนp kรญch thฦฐแปc vแปซa.Rแบฅt hรi lรฒng vแปi Nvแปซa.Rแบฅt hรi lรฒng vแปi Nhรขn viรชn, sแบฃn phแบฉm ฤรบng mแบซu chแบฅt  phรน hแปฃp mรu ฤแบนp hoa vฤn ฤแบนp kรญch thฦฐแปc vแปซa.Rแบฅt hรi lรฒng vแปi Nhรขn viรชn, sแบฃn phแบฉm ฤรบng mแบซu chแบฅt liแปu phรน hแปฃp mรu ฤแบนp hoa vฤn ฤแบนp kรญch thฦฐแปc vแปซa.Rแบฅt hรi lรฒng vแปi Nhรขn viรชn, sแบฃn phแบฉm ฤรบng mแบซu chแบฅt liแปu phvแปซa.Rแบฅt hรi lรฒng vแปi Nhรขn viรชn, sแบฃn phแบฉm ฤรบng mแบซu chแบฅtvแปซa.Rแบฅt hรbNhรณm mรu:Socola trแบฏng, Kรญch cแปก:420"
     5 ,"Lรฝ tฦฐแปng cho viแปc chแบกy bแป ngoรi trแปi, ฤรณng cแปญa dแป dรng vแปi dรขy buแปc,Nhรณm mรu:ฤen, Kรญch cแปก:400"
     5 ,"Hรng nhแบญn giแปng mแบซu nhฦฐng khรดng dแบงy dแบทn bแบฑng, phแบงn mลฉi chแป cรณ mแปt lแปp, nรณi chung ok trong tแบงm giรก.Nhรณm mรu:Trแบฏng, Kรญch cแปก:420"
     5 ,"Hang dep so voi Gia tien, giao ฤung mรu mang 39 dat size39 vแปซa y  Ung mat sแบฝ ung ho shop lan sau  Mong lam sau mua giao ฤung hang nรyNhรณm mรu:blue, Kรญch cแปก:390"
     5 ,"Hoรn hแบฃo cho nhแปฏng cuแปc ฤi dแบกo dรi, Xu hฦฐแปng phแป biแบฟn, Giรก trแป tแปt, Thoแบฃi mรกi vร thแปi trang, Nhiแปu mรu sแบฏc ฤแป lแปฑa chแปn,Nhรณm mรu:purple, Kรญch cแปก:380"
     5 ,"Vแบญt liแปu nhanh khรด, Thoแบฃi mรกi vร thแปi trang, Thiแบฟt kแบฟ bแปn chแบฏc, Phong cรกch ฤa dแปฅng cho mแปi ngรy,Nhรณm mรu:black, Kรญch cแปก:390"
     5 ,"giรy ok  giao ฤรบng size ฤรบng mแบซu ฤรบng mรu,, tiแปn nรo cแปงa ฤรณ , mรu sแบฏc ฤแบนp, tแบกm hรi lรฒng sแปญ dแปฅng thแปi gian xem sao, cแบฃm ฦกn shop nhiรชu แบก !Nhรณm mรu:Hแปng, Kรญch cแปก:400"
     4 ,"giแบงy dแบนp.mแปi tแปi giao ko ฤรบng mรu ฤแบทt mรu trแบฏng giao mรu tรญm .ko dc kiแปm hรngNhรณm mรu:white, Kรญch cแปก:380"
     4 ,"giรy ฤแบนp. nhฦฐng ฤแบทt size 39. shop giao 40Nhรณm mรu:black, Kรญch cแปก:EU:391"
     5 ,"giรy ฤแบนp kiแปu dรกng รดm chรขn nhแบน nhฦฐng hฦกi mแปng manh khรดng biแบฟt cรณ ฤฦฐแปฃc bแปn koNhรณm mรu:black, Kรญch cแปก:EU:441"
     5 ,"ฤรฃ nhแบญn hรng, giao tแปซ nฦฐแปc ngoรi vแป nรชn hฦกi lรขu mแปt chรบt nhฦฐng kg sao. , Chแบฅt lฦฐแปฃng OK trong tแบงm giรก. Hรฌnh แบฃnh chแปฅp mang tรญnh chแบฅt kiแบฟm xuNhรณm mรu:brown, Kรญch cแปก:EU:390"
     5 ,"sแบฃn phแบฉm ฤแบนp tแปt trong tแบงm giรกNhรณm mรu:brown, Kรญch cแปก:EU:411"
     5 ,"Sแบฃn phแบฉm cรณ xuแบฅt xแปฉ tแปซ Trung Quแปc, nhฦฐng tรดi ฤรฃ chแป ฤแปฃi mแปt thแปi gian, chแบฅt lฦฐแปฃng cแปงa sแบฃn phแบฉm trong tรฌnh trแบกng tแปt vร khรดng cรณ vแบฅn ฤแป gรฌ.Color Family:brown, Size:EU:441"
     5 ,"shop giao hรng nhanh. giao ฤรบng mแบซu. giรy khรก แปn. so bแปi giรก nรy thรฌ quรก ok. tแบทng shop 5 sao.Chแบฅt liแปu lฦฐแปi thรดng thoรกng, ฤแบฟ lรณt mแปm mแบกi vร รชm รกi,Nhรณm mรu:ฤen, Kรญch cแปก:380"
     5 ,"Giรy mรตng hฦกi cแปฉng hok biแบฟt mang cรณ bแป ฤau chรขn hok nhฦฐng nhรฌn chung lร phรน hแปฃp vแปi giรก tiแปn.  ฤiแปm trแปซ lร giao hรng siรชu lรขuNhรณm mรu:ฤen, Kรญch cแปก:380"
     5 ,"Chแป 2 tuแบงn mแปi nhแบญn ฤฦฐแปฃc hรng, ฤi tแบญp chฦฐa ฤฦฐแปฃc 1 tuแบงn ฤรฃ bong ฤแบฟ. Giรy ฤแบนp vร ฤi rแบฅt vแปซa mร sao chแบฅt lฦฐแปฃng tแป vแบญyNhรณm mรu:ฤen, Kรญch cแปก:393"
     5 ,"Chแบฅt liแปu:vแบฃi hฦกi cแปฉng  Kรญch cแปก:ฤรบng size ฤแบทt  Mรu sแบฏc:nhฦฐ quรฃng cรกo  Sแปฑ thoแบฃi mรกi:vรฌ chแป chฦฐa mang nรชn chฦฐa ฤรกnh giรก ฤฦฐแปฃc. So vแปi giรy sแป 37 mรฌnh ฤang mang thรฌ k lแปn hฦกn bao nhiรชu nรชn ฤang lo k biแบฟt vแปซa k. Giao hรng quรก lรขu: 12 ngรy, thรดng cแบฃm do dแปp tแบฟt. Tแบกm chแบฅm 5 saoNhรณm mรu:Tรญm, Kรญch cแปก:402"
     5 ,"guแบงy ฤรบng size ฤรฝng mรu giao hฦกi lรขu nhฦฐng vแปซa รฝฤep hรi lรฒng nhรฌn thแบฅy cแปฉng cรกpNhรณm mรu:Tรญm, Kรญch cแปก:373"
     5 ,"ฤรฃ nhแบญn ฤฦฐแปฃc hรng.ฤรบng sแบฃn phแบฉm.giรy nhรฌn ฤแบนp vแปซa tรบi tiแปn.nhรขn viรชn giao hรng vui vแบปNhรณm mรu:ฤen, Kรญch cแปก:393"
     5 ,"giรy ฤแบนp mร rแบป.hแบงng quแปc tแบฟ nรชn giao hoi lรขu chรบt nhฦฐng ฤc cรกi giรขy ฤแบนpNhรณm mรu:Mรu Xanh Lรก Cรขy, Kรญch cแปก:421"
     5 ,"giรy  trรดng ฤแบนp khรก lร nhแบน Tuy nhiรชn mแปi ngฦฐแปi hแบกn chแบฟ thanh toรกn trฦฐแปc dแป bแป shipper giรกo chรขmnNhรณm mรu:Mรu Xanh Lรก Cรขy, Kรญch cแปก:420"
     5 ,"Giรy gแปn ฤแบนp, mรy phแปi ฤแบนp nhฦฐ hรฌnh . Cam on shop nhรฉ, tuy ko phแบฃn hแปi nhฦฐng giao okNhรณm mรu:ฤแป, Kรญch cแปก:410"
     5 ,"Thแป thao vร thแปi trang, Tuyแปt vแปi cho hแปc sinh, Chแบฅt liแปu thoแบฃi mรกi,Nhรณm mรu:Mรu Xanh Lรก Cรขy, Kรญch cแปก:420"
     5 ,"Mรu ฤen ฤa nฤng, Giรy vแบฃi ฤen phong cรกch, Thiแบฟt kแบฟ mลฉi trรฒn thoแบฃi mรกi, Lแปp lรณt mแปm mแบกi cho thรชm sแปฑ thoแบฃi mรกi,Kรญch cแปก:39, Phรขn loแบกi mรu sแบฏc:Mรu ฤen0"
     5 ,"Sแปฑ thoแบฃi mรกi: Kรญch cแปก chรขn (cm)๏ผKรญch cแปก:38, Phรขn loแบกi mรu sแบฏc:Mรu ฤen Lรณt Lรดng0"
     5 ,"แปงa em zai 38 mร giao 35 lร sao vแบญy แบก ฤแปi lแบกi dรนm em vแปiKรญch cแปก:35, Phรขn loแบกi mรu sแบฏc:Mรu ฤen Lรณt Lรดng0"
     5 ,"Mua ngay lรบc sale. Khรดng ngแป ฤฦฐแปฃc mแปt ฤรดi giรy sรกng ฤแบนp, mang rแบฅt lร รชm, kiแปu dรกng ฤแบนp. O la la.Nhรณm mรu:white and red, Kรญch cแปก:394"
     5 ,"Sแปฑ thoแบฃi mรกi:Phong cรกch giแบฃn dแป ฤa nฤng, Nhแบน vร thoแบฃi mรกi khi ฤeo,Nhรณm mรu:white and red, Kรญch cแปก:420"
     5 ,"Sแบฃn phแบฉm ฤรบng mรด tแบฃ. ฤรณng gรณi cแบฉn thแบญn. Giao hรng ฤรบng thแปi gian quy ฤแปnh.Nhรณm mรu:white and red, Kรญch cแปก:430"
     5 ,"sแบฃn phแบฉm ฤแบนp phรน hแปฃp giรก tiแปn,.ฤรณng gรณi cแบฉn thแบญnColor Family:white and red, Size:440"
     5 ,"Kรญch thฦฐแปc๏ผ41, hฦกi rแปng hฦกn bรฌnh thฦฐแปng Vแบญt chแบฅt๏ผtแปt Thiแบฟt kแบฟ๏ผฤแบนp Giรy ฤi รชm, tแปt trong tแบงm giรก, ฤรกng mua. mรฌnh ฤi thแปญ 1 thรกng rแปi mแปi ฤรกnh giรก.Nhรณm mรu:white and red, Kรญch cแปก:412"
     5 ,เธชเธดเธเธเนเธฒเธฃเธฒเธเธฒเนเธฅเธฐเธเธธเธเธเธฒเธเนเธซเธกเธฒเธฐเธชเธกเธชเธงเธกเนเธชเนเธเนเธฒเธขเนเธเนเธเธฃเธเธชเนเธเนเธเนเธฒเธเธฐเนเธกเนเธเธฃเธฐเธเธฑเธเธกเธตเนเธซเธขเธตเธขเธเธเธนเนเธเธตเนเธเธดเธเธเธฑเธเธฃเธณเธเธฒเธเนเธเธทเนเธญเธเธเธฒเธเนเธชเนเนเธฅเนเธงเนเธกเนเธเธญเธเธตเนเธเนเธฒ0
     5 ,"Dแป dรng ฤแป mแบทc vร loแบกi bแป, vแบฃi lฦฐแปi thoรกng khรญ, thรญch hแปฃp cho mรนa hรจ, ฤแบฟ khรด nhanh, thรญch hแปฃp cho thanh thiแบฟu niรชn,0"
     5 ,เธชเธงเธขเธกเธฒเธเธเธธเนเธกเนเธเธดเธเธฃเธฒเธเธฒ\nเธชเธงเธขเธเธฃเธเธเธ เธเนเธญเธเธเธฅเธฑเธเนเธเธชเธฑเนเธเธญเธตเธเธฃเธญเธ\nเธเนเธฒเธฃเธฑเธ เธฃเธฒเธเธฒเธเธนเธ0
     5 ,"ฤฦฐแปฃc coi lร tแปt, rแบฅt ฤรกng giรก cho mแปฉc giรก nรy. Khรดng thแป tin ฤฦฐแปฃc khi cรณ Giรy แป mแปฉc giรก nรy.0"
     5 ,"Mแปm, nhแบน, thoแบฃi mรกi, khรดng nแบทng chรขn, dแปch vแปฅ vแบญn chuyแปn lร tแปt cho giรก cแบฃ.๐๐๐๐๐๐๐๐๐๐๐๐๐๐๐๐๐๐0"
     5 ,"Vแบญt liแปu thoรกng khรญ vร nhแบน, Hoรn hแบฃo cho cรกc hoแบกt ฤแปng thแป thao, Giรy thแป thao thแปi trang vร thoแบฃi mรกi, Lรฝ tฦฐแปng cho sinh viรชn vร ngฦฐแปi trแบป,Nhรณm mรu:Socola trแบฏng, Kรญch cแปก:390"
     5 ,"Giรy yierku; giรy ฤแบนp, form vแปซa vแบทn, cแปฉng cรกp, giรก hแปฃp lรฝ, rแบป, nรชn mua.Nhรณm mรu:Socola trแบฏng, Kรญch cแปก:411"
     5 ,"hแปฃp tรบi tรฌn  แปn yรชn tรขm mua , video bรชn dฦฐแปi cรกi phแบงn trong nรณ dรญnh รญt bแปฅi do ฤแป lรขu mแปi quay k phแบฃi giรy bแป ฤen แป ฤรขu ๐Nhรณm mรu:trแบฏng, Kรญch cแปก:420"
     5 ,"Thiแบฟt kแบฟ thแปi thฦฐแปฃng cho vแบป ngoรi hiแปn ฤแบกi,Nhรณm mรu:Socola trแบฏng, Kรญch cแปก:410"
     5 ,"Chแบฅt liแปu:tuyแปt vแปiNhรณm mรu:trแบฏng, Kรญch cแปก:410"
     5 ,"Kรญch cแปก chรขn (cm)๏ผsize 37 Sแปฑ thoแบฃi mรกi๏ผvแปซa khรญt chรขn Kiแปu dรกng๏ผmลฉi vuรดng Mรu sแบฏc๏ผkaki Chแบฅt liแปu๏ผda tแปng hแปฃp  ฤแบฟn thแบฅp, giรก sale, vแปซa ฤแบนp, dแป sแปญ dแปฅngNhรณm mรu:khaki, Kรญch cแปก:370"
     5 ,"chรขn xแบฅu mn thรดng cแบฃm, giรy rแบป mร ฤแบนp nha, cรณ ฤiแปu ฤi bแป cแบก phแบงn sau dแป bแป trแบงy bแป ฤau รก. Mang vแป chแบฏc ok cute hฦกn, mn nรชn chแปn ฤรบng size chรขn nhรฉ. Giao hรng cแปก 7 ngรyColor Family:khaki, Size:390"
     5 ,"Thแปi trang vร thoแบฃi mรกi, Thแปi trang vร thoแบฃi mรกi, Thแปi trang vร thoแบฃi mรกi, Thแปi trang vร thoแบฃi mรกi, nรณi chung giรก rแบป thรฌ mua cรฒn mแบฏc thรฌ khoแบฃi nha quรญ dแป Nhแบน vร bแปn, Thoแบฃi mรกi khi mแบทc suแปt cแบฃ ngรy,Nhรณm mรu:black, Kรญch cแปก:390"
     5 ,"Giรy ok nha sฤn ฤฦฐแปฃc giรก rแบป ฤi chฦกi chฦกi ok mng nรชn mua ฤรบng size nha mร giao hรng lรขu lแบฏm siรชu siรชu lรขu mแบฅt 9 ngรyNhรณm mรu:khaki, Kรญch cแปก:370"
     4 ,"giao hรng rแบฅt lร lรขu so vแปi sแบฃn phแบฉm khรกc nhฦฐng may lร shop vแบซn giao. sแบฃn phแบฉm nhฦฐ hรฌnh vร ฤแบนp. ฤรบng cแปก ฤรฃ ฤแบทt. hแปp nรกt hแบฟt rแปi nรชn dรนng hแปp khรกc vร nรณt thรชm giแบฅy giแปฏ form. shop nรชn lฦฐu รฝ cรกi nรyNhรณm mรu:khaki, Kรญch cแปก:370"
     5 ,"Chแบฅt liแปu: cao su non  Kรญch cแปก: 44 27,5-28cm vแปซa in  Kรญch cแปก chรขn (cm): 27,5-28cm vแปซa in ฤรดi nรy ฤi lรm quรก แปn, rแปญa nฦฐแปc thoแบฃi mรกi. Ko biแบฟt cรณ bแปn ko mร xแป vรo thรญch lแบฏmPhรขn loแบกi mรu sแบฏc:Mรu trแบฏng kem, Kรญch cแปก:440"
     5 ,"๐Thoแบฃi mรกi:ฤi rแบฅt nhแบน vร thoแบฃi mรกiDแป dรng mang vรo vร thรกo ra, Phรน hแปฃp cho cรกc hoแบกt ฤแปng thแป thao,Phรขn loแบกi mรu sแบฏc:Mรu xรกm, Kรญch cแปก:430"
     5 ,"Chแบฅt liแปu cao su bแปn , Thoแบฃi mรกi vร phong cรกch, Thoรกng khรญ vร nhแบน nhรng, Dแป dรng mang vรo vร thรกo ra, Thแปi trang vร ฤa nฤng, Hoรn hแบฃo cho nhแปฏng ngรy hรจ, Tuyแปt vแปi cho viแปc mแบทc hรng ngรy,Phรขn loแบกi mรu sแบฏc:Mรu trแบฏng kem, Kรญch cแปก:410"
     4 ,"Tuyแปt vแปi cho viแปc mแบทc hรng ngรy, Thoรกng khรญ vร nhแบน nhรng,Dแป dรng ฤi vรo vร thรกo ra, Thแปi trang vร linh hoแบกt,Phรขn loแบกi mรu sแบฏc:Mรu ฤen, Kรญch cแปก:400"
     5 ,"dรฉp rat ฤep cho shop nฤm saoPhรขn loแบกi mรu sแบฏc:Mรu trแบฏng kem, Kรญch cแปก:390"
     5 ,"Rแบฅt thoแบฃi mรกi, lแปฑa chแปn tแปt, giรก trแป tแปtColor Family:677 Brown, Size:430"
     5 ,"Giรy vแบฃi kiแปu mแปi, Thiแบฟt kแบฟ mลฉi giรy trรฒn, Mรu ฤen thแปi trang, ฤแบฟ mแปm giรบp รชm รกi, Phรน hแปฃp cho cรกc dแปp thฦฐแปng ngรy, Lรฝ tฦฐแปng cho mรนa hรจ vร mรนa xuรขn,Nhรณm mรu:ฤแป, Kรญch cแปก:380"
     5 ,"ฤแบฟ mแปm giรบp รชm รกi, Lรฝ tฦฐแปng cho mรนa hรจ vร mรนa xuรขn, Lรฝ tฦฐแปng cho mรนa hรจ vร mรนa xuรขn, Gรณt phแบณng giรบp รชm รกi, Phรน hแปฃp cho cรกc dแปp thฦฐแปng ngรy,Nhรณm mรu:ฤen, Kรญch cแปก:390"
     5 ,"๐Thoแบฃi mรกi:Lรฝ tฦฐแปng cho mรนa hรจ vร mรนa xuรขn Thiแบฟt kแบฟ mลฉi trรฒn, Hoรn hแบฃo cho cรกc dแปp bรฌnh thฦฐแปng,Nhรณm mรu:ฤแป, Kรญch cแปก:390"
     5 ,"Thiแบฟt kแบฟ mลฉi giรy trรฒn, Gรณt phแบณng giรบp รชm รกi, Phรน hแปฃp cho cรกc dแปp thฦฐแปng ngรy, Giรy vแบฃi kiแปu mแปi,Nhรณm mรu:ฤen, Kรญch cแปก:380"
     5 ,"๐Thoแบฃi mรกi:  Mรu ฤen thแปi trang, Mรu ฤen thแปi trang, Hoa vฤn hoa ฤแบนp, Hoa vฤn hoa ฤแบนp,Nhรณm mรu:ฤen, Kรญch cแปก:400"
     5 ,"Hรng ฤแบทt khรกc shop giao hรng lแบกi khรกc. Khรดng nhฦฐ ฤรฃ chแปn, lรm ฤn mแบฅt uy tรญnKรญch cแปก:41, Phรขn loแบกi mรu sแบฏc:Mรu ฤen ฤแบฟ cao su1"
     5 ,"Thiแบฟt kแบฟ thแปi trang vร thoแบฃi mรกi, Lรฝ tฦฐแปng cho cรกc hoแบกt ฤแปng ngoรi trแปi, Tuyแปt vแปi cho huแบฅn luyแปn quรขn sแปฑ, Thoแบฃi mรกi vร nhแบน nhรng, Giรก trแป tuyแปt vแปi cho tiแปn bแบกc,Kรญch cแปก:39, Phรขn loแบกi mรu sแบฏc:[Mแบซu nรขng cแบฅp] rแบฑn ri thแป thao-Ngรดi Sao [Bแบฃo hรnh 3 nฤm, mแบทc xแบฅu ฤแปi mแปi]0"
     5 ,"Thoแบฃi mรกi vร nhแบน nhรng, Tuyแปt vแปi cho huแบฅn luyแปn quรขn sแปฑ, Chแบฅt liแปu bแปn vร thoรกng khรญ, ฤa nฤng vร thแปi trang,Kรญch cแปก:42, Phรขn loแบกi mรu sแบฏc:Rแบฑn ri thแป thao-Ngรดi Sao0"
     5 ,"Thiแบฟt kแบฟ phong cรกch vร thoแบฃi mรกi, Chแบฅt liแปu bแปn vร thoรกng khรญ,Kรญch thฦฐแปc:44, Phรขn loแบกi mรu sแบฏc:Men and women20"
     5 ,"okKรญch cแปก:36, Phรขn loแบกi mรu sแบฏc:Rแบฑn ri thแป thao-xanh lแปฅc1"
     5 ,"Thiแบฟt kแบฟ phong cรกch vร hแปฃp thแปi trang, ฤa nฤng vร dแป dรng kแบฟt hแปฃp vแปi trang phแปฅc, Lแปฑa chแปn tuyแปt vแปi cho cรกc hoแบกt ฤแปng thแป thao,Kรญch cแปก:43, Phรขn loแบกi mรu sแบฏc:Mรu xanh lรก P2220"
     5 ,"mรฌnh ฤแบทt size 41 shop giao hรng size 40Kรญch cแปก:41, Phรขn loแบกi mรu sแบฏc:Mรu xanh lam P2220"
     5 ,"Giรก trแป tuyแปt vแปi cho giรก tiแปn, Thiแบฟt kแบฟ thแปi trang vร hiแปn ฤแบกi, Lแปฑa chแปn tuyแปt vแปi cho hoแบกt ฤแปng thแป thao, Bแปn vร lรขu bแปn,Kรญch cแปก:39, Phรขn loแบกi mรu sแบฏc:Mรu ฤแป P1110"
     5 ,"okKรญch thฦฐแปc:41, Phรขn loแบกi mรu sแบฏc:P222 Xanh0"
     5 ,"Rแบฅt Ok vแปi giรก tiแปnNhรณm mรu:Xanh dฦฐฦกng, Kรญch cแปก:430"
     5 ,"Sแปฑ thoแบฃi mรกi๏ผNhรณm mรu:Socola trแบฏng, Kรญch cแปก:440"
     3 ,"Cแปก 43 mร nhแป bแบฑng 42Nhรณm mรu:ฤen, Kรญch cแปก:430"
     5 ,"shop giao hรng quรก nhanh giรy nhรฌn ฤแบนp giรก 160k mแปi ngฦฐแปi nรชn mua ok 5saoNhรณm mรu:White &Green, Kรญch cแปก:390"
     5 ,"Cho dรน ฤรณ lร mรu sแบฏc hay kรญch thฦฐแปc, mแปi thแปฉ ฤแปu phรน hแปฃp vแปi mรด tแบฃ cแปงa cแปญa hรng. Tรดi thรญch nรณColor Family:Beige, Size:400"
     5 ,"ok, giao hรng lรขu, ko chuyแปn trแบกng thรกi ฤฦกn hรng lรm chแป suแปtNhรณm mรu:White &Green, Kรญch cแปก:400"
     5 ,"okNhรณm mรu:White &Green, Kรญch cแปก:390"
     5 ,"ฤแป bแปn:vแปซa vแปi giรก tiแปn   Sแปฑ thoแบฃi mรกi:รชm รกi   Phong cรกch:phรน hแปฃp mแปi lแปฉa tuแปiNhรณm mรu:BeefTendonBottomBlue, Kรญch cแปก:422"
     5 ,"Giรy ฤa nฤng cho cรกc dแปp thฦฐแปng ngรy., Thiแบฟt kแบฟ thoแบฃi mรกi vร phong cรกch. ฤรฃ mang thแปญ. Giรy mแปm vร รชm.Nhรณm mรu:BeefTendonBottomBlue, Kรญch cแปก:391"
     5 ,"Chแบฅt liแปu:ok  Kรญch cแปก:ok  Kiแปu dรกng:ok  Sแปฑ thoแบฃi mรกi:ok Miแบฟng lรณt hฦกi mแปng, mua thรชm miแบฟng lรณt ok, nhแบน ฤแบนpNhรณm mรu:BeefTendonBottomGray, Kรญch cแปก:420"
     5 ,"Rแบฅt ฤรกng ฤแป sแปญ dแปฅng hรng ngรy., Phรน hแปฃp cho nam giแปi trung niรชn vร ngฦฐแปi giร., khรดng ฤc bแปn so vแปi vแบฃi, rรกch mลฉi giรy rแปiNhรณm mรu:TendonBottomBlack, Kรญch cแปก:410"
     5 ,"giรy tแปt, แปงng hแป shop. Chแบฅt liแปu thoรกng khรญ giแปฏ cho chรขn bแบกn mรกt mแบป., Rแบฅt ฤรกng ฤแป sแปญ dแปฅng hรng ngรy.,Nhรณm mรu:BeefTendonBottomBlue, Kรญch cแปก:420"
     5 ,"Giรy chแบกy bแป phiรชn bแบฃn Hรn Quแปc, Giรy thแป thao linh hoแบกt cho mแปi dแปp, Giรก trแป tuyแปt vแปi cho giรก tiแปn, Giรy thแป thao thแปi trang vร thoแบฃi mรกi, Giรก trแป tuyแปt vแปi cho giรก tiแปn, Giรy thแป thao linh hoแบกt cho mแปi dแปp,Nhรณm mรu:Xanh dฦฐฦกng, Kรญch cแปก:EU:370"
     4 ,"ฤแบงu thรกng ฤแบทt, cuแปi thรกng cรณ. Giรy form hแบนp, nhแบฅt lร phแบงn mลฉi chรขn hฦกi nhแป, ฤi bแป ฤau ngรณn chรขn, ฤแบฟ giรy khรดng mแปm. Tiแปn nรo cแปงa ฤรณ.Nhรณm mรu:Xanh dฦฐฦกng, Kรญch cแปก:EU:380"
     5 ,"Tแบฅt cแบฃ cรกc ngรy thoแบฃi mรกi, phรน hแปฃp vแปi kรญch thฦฐแปc, tแปt vร thoแบฃi mรกi phong cรกch giรy, รกnh sรกng vร thoรกng khรญ, giao hรng nhanh, Giao hรng nhanh, 1 kรญch thฦฐแปc nรชn cรณ sแบตn,0"
     5 ,"Giรy thแป thao thแปi trang vร thoแบฃi mรกi, Giรก trแป tuyแปt vแปi cho giรก tiแปn, Giรy thแป thao linh hoแบกt cho mแปi dแปp, Thiแบฟt kแบฟ nhแบน vร thoรกng khรญ,Nhรณm mรu:green, Kรญch cแปก:EU:350"
     5 ,"Nhiแปu mรu sแบฏc cรณ sแบตn, phรน hแปฃp ฤแป chแบกy vร mแบทc hรng ngรy, giรy phong cรกch tแปt, thiแบฟt kแบฟ Hรn Quแปc, thแปi trang, nhแบน vร thoรกng khรญ,0"
     5 ,"Kiแปu dรกng ฤฦกn giแบฃn vร tiแปn lแปฃi, Dแป phแปi vแปi nhiแปu trang phแปฅc khรกc nhau, Hoรn hแบฃo cho viแปc mแบทc hรng ngรy,Phรขn loแบกi mรu sแบฏc:Mรu xanh lรก cรขyใmแบซu nรขng cแบฅpใ, Kรญch cแปก:410"
     5 ,"Hoรn hแบฃo cho viแปc mแบทc hรng ngรy, Thiแบฟt kแบฟ mแปi theo xu hฦฐแปng, Chแบฅt liแปu thoรกng khรญ cho mรนa hรจ,Phรขn loแบกi mรu sแบฏc:Mรu xanh lรก cรขyใmแบซu nรขng cแบฅpใ, Kรญch cแปก:441"
     5 ,"Mรฌnh ฤรฃ nhแบญn ฤฦฐแปฃc hรng, thแบฅy cแปญa hรng ฤรณng gรณi cแบฉn thแบญn nhฦฐng chฦฐa sแปญ dแปฅng nรชn khรดng rรต nhฦฐ thแบฟ nรo. Hรng giao khรก nhanh ฤรณ.Phรขn loแบกi mรu sแบฏc:Mรu xanh lรก cรขyใmแบซu nรขng cแบฅpใ, Kรญch cแปก:390"
     5 ,"Hรng kiแปu dรกng ฤแบนpPhรขn loแบกi mรu sแบฏc:Mรu kem ใmแบซu nรขng cแบฅpใ, Kรญch cแปก:390"
     5 ,"ฤa dแบกng mรu sแบฏc ฤแป lแปฑa chแปn, Phรน hแปฃp cแบฃ trong nhแปฏng dแปp thฦฐแปng ngรy vร trang trแปng,Phรขn loแบกi mรu sแบฏc:Mรu ฤenใmแบซu nรขng cแบฅpใ, Kรญch cแปก:390"
     5 ,"giรy ฤแบนp lแบฏm luรดn รก, mรฌnh lร nแปฏ ฤแบทt ฤรบng sai lร ฤฦฐแปฃc, tฦฐแปng chแบฅt liแปu xแบฅu mร vแปซa sแป lร thรญch liแปn, ฤแบฟ nhแบน vแปi dแบปo lแบฏm, ฤi thoแบฃi mรกi, bแปn khรดng thรฌ chฦฐa biแบฟt nhฦฐng vแปi giรก tiแปn rแบป mร nhฦฐ nรy thรฌ hฦกn mong ฤแปฃi. Nรชn mua nhรฉ mn.Nhรณm mรu:Khaki, Kรญch cแปก:391"
     5 ,"Phong cรกch Martin ฤang thแปnh hรnh, Hoรn hแบฃo cho mรนa hรจ, Dแป dรng vแป sinh vร bแบฃo quแบฃn,Nhรณm mรu:Mรu khaki, Kรญch cแปก:390"
     5 ,"Thoแบฃi mรกi khi mang cแบฃ ngรy, Phong cรกch Martin ฤang thแปnh hรnh, Hoรn hแบฃo cho mรนa hรจ,Nhรณm mรu:ฤen, Kรญch cแปก:390"
     5 ,"Thiแบฟt kแบฟ ฤฦกn giแบฃn vร phong cรกch, Phรน hแปฃp cho mแปi mรดn thแป thao, ฤแบฟ cao su chแบฏc chแบฏn, Chแบฅt liแปu da PU bแปn bแป,Nhรณm mรu:Mรu khaki, Kรญch cแปก:420"
     5 ,"ฤรฃ nhแบญn ฤฦฐแปฃc giรy, ฤรขy lร lแบงn mua thแปฉ 2 cแปงa mรฌnh, giรy ฤi rแบฅt thoแบฃi mรกi, nhแบน vร thoรกng khรญColor Family:Khaki, Size:401"
     5 ,"Giรy ฤแบนp mua thรชm 1 ฤรดi nแปญaNhรณm mรu:ฤen, Kรญch thฦฐแปc:EU:421"
     5 ,"Hแปฃp vแปi giรก tiแปn , ฤรบng vแปi mรด tแบฃ , ฤแบนp , mแปi ngฦฐแปi nรชn mua แปงng hแป shop nha ( hรฌnh chแป mang tรญnh chแบฅt nhแบญn xu แบก)Nhรณm mรu:ฤen, Kรญch cแปก:EU:380"
     5 ,"Size:the sizes are close but not really correct. I bought two pairs both in size 46 but they are very different sizes. A friend said he will take them but I would be careful before buying again.Color Family:Grey, Size:EU:460"
     5 ,"giรy ฤep nhแบน ฤi รชm chแบฅt lฦฐแปฃng bรฌnh thฦฐแปng nhฦฐ giรก theo tรดi nรชn lรm chแบฅt lฦฐแปฃng tแปt giรก thรnh cao hon okkkkkkkkkkkkkkkkkkkkkkkkkkkkkkkkkkkkk thankkkkkkkkkkkkkkkkkkkkkNhรณm mรu:ฤen, Kรญch cแปก:EU:430"
     5 ,"Tรดi chฦฐa nhแบญn ฤฦฐแปฃc ฤรดi giรy nรyColor Family:Black, Size:EU:480"
     5 ,"ฤรณng zip tiแปn lแปฃi, Thiแบฟt kแบฟ cแป ฤiแปn vแปi nรฉt hiแปn ฤแบกi, Thoแบฃi mรกi khi mแบทc hรng ngรy, Hแป trแปฃ tuyแปt vแปi cho chแบกy vร hoแบกt ฤแปng thแป thao, dao hฦกi lรขuNhรณm mรu:grey, Kรญch cแปก:400"
     5 ,"Chแบฅt liแปu lฦฐแปi thoรกng khรญ, Bแปn vร lรขu bแปn, Thoแบฃi mรกi khi mแบทc hรng ngรy, Lแปฑa chแปn mรu sแบฏc thแปi trang,Nhรณm mรu:black+red, Kรญch cแปก:400"
     5 ,"Hแป trแปฃ tuyแปt vแปi cho chแบกy vร hoแบกt ฤแปng thแป thao, Lแปฑa chแปn mรu sแบฏc thแปi trang, Thoแบฃi mรกi khi mแบทc hรng ngรy, Thiแบฟt kแบฟ gai ฤแปm quai chรฉo ฤแปc ฤรกo,Nhรณm mรu:grey, Kรญch cแปก:420"
     5 ,"Thiแบฟt kแบฟ cแป ฤiแปn vแปi nรฉt hiแปn ฤแบกi, Chแบฅt liแปu lฦฐแปi thoรกng khรญ, Giรy ฤa nฤng cho nhiแปu dแปp,Nhรณm mรu:grey, Kรญch cแปก:410"
     5 ,"giรก 116k luรดn ship hรng vแป VN  giรก แปn kkkkkkkkkkkkkkkk..............Nhรณm mรu:grey, Kรญch cแปก:410"
